"","district","block","month","month_week","Total_inbound_calls","Total_unique_callers","Average_duration","paddy","okyourreplies","qna","annou","exp"
"1","BALANGIR","AGALPUR","Sep","Sep-Week 4",10,5,7357,4,1,6,2,1
"2","BALANGIR","AGALPUR","Oct","Oct-Week 1",1,1,278,1,0,1,0,0
"3","BALANGIR","AGALPUR","Oct","Oct-Week 2",1,1,188,1,0,1,0,0
"4","BALANGIR","AGALPUR","Oct","Oct-Week 3",3,3,88.3333333333333,0,0,1,0,0
"5","BALANGIR","BANGAMUNDA","May","May-Week 3",23,21,141.217391304348,6,2,5,3,2
"6","BALANGIR","BANGAMUNDA","May","May-Week 4",11,10,172,2,1,5,1,1
"7","BALANGIR","BANGAMUNDA","Jun","Jun-Week 1",15,11,66.0666666666667,1,0,2,1,0
"8","BALANGIR","BANGAMUNDA","Jun","Jun-Week 2",10,5,13.5,0,0,0,0,0
"9","BALANGIR","BANGAMUNDA","Jun","Jun-Week 4",20,17,255.3,2,1,6,1,1
"10","BALANGIR","BANGAMUNDA","Jul","Jul-Week 1",11,9,128.363636363636,1,0,5,1,0
"11","BALANGIR","BANGAMUNDA","Jul","Jul-Week 2",6,6,94.3333333333333,2,0,1,2,0
"12","BALANGIR","BANGAMUNDA","Jul","Jul-Week 3",5,5,203.2,1,0,2,0,0
"13","BALANGIR","BANGAMUNDA","Jul","Jul-Week 4",12,11,102.833333333333,1,1,3,1,1
"14","BALANGIR","BANGAMUNDA","Aug","Aug-Week 1",9,8,147.333333333333,4,0,3,1,0
"15","BALANGIR","BANGAMUNDA","Aug","Aug-Week 2",7,5,256.428571428571,6,0,6,1,0
"16","BALANGIR","BANGAMUNDA","Aug","Aug-Week 3",4,4,1143.25,1,0,1,0,0
"17","BALANGIR","BANGAMUNDA","Aug","Aug-Week 4",23,15,490.826086956522,5,0,13,1,0
"18","BALANGIR","BANGAMUNDA","Sep","Sep-Week 1",4,3,209.25,1,2,2,0,1
"19","BALANGIR","BANGAMUNDA","Sep","Sep-Week 2",6,4,82.8333333333333,0,0,2,0,0
"20","BALANGIR","BANGAMUNDA","Sep","Sep-Week 3",1,1,41,0,0,0,0,0
"21","BALANGIR","BANGAMUNDA","Sep","Sep-Week 4",19,14,157,2,0,8,0,0
"22","BALANGIR","BANGAMUNDA","Oct","Oct-Week 1",6,4,101.833333333333,0,1,2,0,1
"23","BALANGIR","BANGAMUNDA","Oct","Oct-Week 2",12,10,133.916666666667,6,2,6,0,0
"24","BALANGIR","BANGAMUNDA","Oct","Oct-Week 3",15,13,92.1333333333333,0,3,3,0,2
"25","BALANGIR","BELAPADA","May","May-Week 3",17,12,471.058823529412,9,3,12,6,1
"26","BALANGIR","BELAPADA","May","May-Week 4",20,12,288.1,3,8,3,2,8
"27","BALANGIR","BELAPADA","Jun","Jun-Week 1",16,10,386.75,5,0,9,0,0
"28","BALANGIR","BELAPADA","Jun","Jun-Week 2",12,11,221.5,3,0,3,2,0
"29","BALANGIR","BELAPADA","Jun","Jun-Week 3",3,3,231.333333333333,0,0,2,0,0
"30","BALANGIR","BELAPADA","Jun","Jun-Week 4",22,20,138.863636363636,8,0,8,4,0
"31","BALANGIR","BELAPADA","Jul","Jul-Week 1",15,12,343.2,6,2,6,2,2
"32","BALANGIR","BELAPADA","Jul","Jul-Week 2",12,8,164.75,0,2,1,2,0
"33","BALANGIR","BELAPADA","Jul","Jul-Week 3",16,13,404.5625,3,0,4,2,1
"34","BALANGIR","BELAPADA","Jul","Jul-Week 4",9,8,131.777777777778,2,0,1,2,0
"35","BALANGIR","BELAPADA","Aug","Aug-Week 1",10,10,137.8,3,0,4,3,0
"36","BALANGIR","BELAPADA","Aug","Aug-Week 2",13,12,160.230769230769,6,1,5,2,0
"37","BALANGIR","BELAPADA","Aug","Aug-Week 3",1,1,204,0,0,0,0,0
"38","BALANGIR","BELAPADA","Aug","Aug-Week 4",18,14,183.777777777778,4,2,8,2,0
"39","BALANGIR","BELAPADA","Sep","Sep-Week 1",6,5,22.8333333333333,1,0,1,0,0
"40","BALANGIR","BELAPADA","Sep","Sep-Week 2",11,10,113.454545454545,2,1,5,0,0
"41","BALANGIR","BELAPADA","Sep","Sep-Week 3",2,2,57.5,0,0,2,0,0
"42","BALANGIR","BELAPADA","Sep","Sep-Week 4",21,16,71.2380952380952,0,0,3,1,0
"43","BALANGIR","BELAPADA","Oct","Oct-Week 1",3,3,183.333333333333,0,0,1,0,0
"44","BALANGIR","BELAPADA","Oct","Oct-Week 2",27,20,137.185185185185,0,1,8,9,1
"45","BALANGIR","BELAPADA","Oct","Oct-Week 3",22,18,218.954545454545,6,2,14,4,0
"46","BALANGIR","BELAPADA","Oct","Oct-Week 4",1,1,65,0,0,1,0,0
"47","BALANGIR","BELPADA","Sep","Sep-Week 4",6,6,229.833333333333,2,0,3,2,0
"48","BALANGIR","BELPADA","Oct","Oct-Week 1",3,1,17.6666666666667,0,0,0,0,0
"49","BALANGIR","BELPADA","Oct","Oct-Week 3",6,5,56.1666666666667,2,0,0,3,0
"50","BALANGIR","BOLANGIR","May","May-Week 2",1,1,107,1,0,1,0,0
"51","BALANGIR","BOLANGIR","May","May-Week 3",199,167,524.979899497487,32,11,78,20,3
"52","BALANGIR","BOLANGIR","May","May-Week 4",181,137,140.729281767956,36,14,59,23,3
"53","BALANGIR","BOLANGIR","Jun","Jun-Week 1",113,91,182.238938053097,12,3,35,16,3
"54","BALANGIR","BOLANGIR","Jun","Jun-Week 2",64,53,1388.25,10,5,21,3,3
"55","BALANGIR","BOLANGIR","Jun","Jun-Week 3",48,41,133.4375,9,4,11,7,0
"56","BALANGIR","BOLANGIR","Jun","Jun-Week 4",157,129,188.15923566879,22,11,42,15,5
"57","BALANGIR","BOLANGIR","Jul","Jul-Week 1",79,63,364.73417721519,15,2,21,11,0
"58","BALANGIR","BOLANGIR","Jul","Jul-Week 2",80,64,178.5625,14,2,28,13,3
"59","BALANGIR","BOLANGIR","Jul","Jul-Week 3",65,60,135.230769230769,14,1,18,5,0
"60","BALANGIR","BOLANGIR","Jul","Jul-Week 4",117,106,241.393162393162,21,5,31,17,2
"61","BALANGIR","BOLANGIR","Aug","Aug-Week 1",90,74,138.444444444444,17,4,20,15,2
"62","BALANGIR","BOLANGIR","Aug","Aug-Week 2",82,67,175.731707317073,13,4,19,9,2
"63","BALANGIR","BOLANGIR","Aug","Aug-Week 3",53,50,121.962264150943,10,1,21,6,3
"64","BALANGIR","BOLANGIR","Aug","Aug-Week 4",123,99,178.430894308943,31,7,40,11,2
"65","BALANGIR","BOLANGIR","Sep","Sep-Week 1",56,42,196.607142857143,17,0,20,6,4
"66","BALANGIR","BOLANGIR","Sep","Sep-Week 2",71,55,240.366197183099,24,3,29,9,2
"67","BALANGIR","BOLANGIR","Sep","Sep-Week 3",32,28,173,7,1,14,2,0
"68","BALANGIR","BOLANGIR","Sep","Sep-Week 4",119,90,125.361344537815,27,4,34,5,3
"69","BALANGIR","BOLANGIR","Oct","Oct-Week 1",49,36,97.5102040816327,7,1,22,2,0
"70","BALANGIR","BOLANGIR","Oct","Oct-Week 2",146,117,618.36301369863,42,12,58,32,3
"71","BALANGIR","BOLANGIR","Oct","Oct-Week 3",172,142,154.843023255814,31,16,65,11,3
"72","BALANGIR","BOLANGIR_MPL","May","May-Week 3",3,3,78.3333333333333,1,0,2,0,0
"73","BALANGIR","BOLANGIR_MPL","May","May-Week 4",1,1,102,1,0,1,0,0
"74","BALANGIR","BOLANGIR_MPL","Jun","Jun-Week 1",1,1,38,0,0,0,0,0
"75","BALANGIR","BOLANGIR_MPL","Jun","Jun-Week 3",1,1,5,0,0,0,0,0
"76","BALANGIR","BOLANGIR_MPL","Jun","Jun-Week 4",2,2,68.5,0,0,0,0,0
"77","BALANGIR","BOLANGIR_MPL","Jul","Jul-Week 3",1,1,58,0,0,1,0,0
"78","BALANGIR","BOLANGIR_MPL","Jul","Jul-Week 4",1,1,100,0,1,0,0,0
"79","BALANGIR","BOLANGIR_MPL","Aug","Aug-Week 1",1,1,6,0,0,0,0,0
"80","BALANGIR","BOLANGIR_MPL","Aug","Aug-Week 4",3,3,65.3333333333333,1,0,0,1,0
"81","BALANGIR","BOLANGIR_MPL","Sep","Sep-Week 1",1,1,4,0,0,0,0,0
"82","BALANGIR","BOLANGIR_MPL","Sep","Sep-Week 2",1,1,33,0,0,0,0,0
"83","BALANGIR","BOLANGIR_MPL","Sep","Sep-Week 4",1,1,5,0,0,0,0,0
"84","BALANGIR","BOLANGIR_MPL","Oct","Oct-Week 2",4,4,145,1,1,0,2,1
"85","BALANGIR","BOLANGIR_MPL","Oct","Oct-Week 3",1,1,117,1,0,0,1,0
"86","BALANGIR","DEOGAM","May","May-Week 1",2,1,240.5,2,0,0,2,0
"87","BALANGIR","DEOGAM","May","May-Week 3",22,17,380.636363636364,8,2,14,4,2
"88","BALANGIR","DEOGAM","May","May-Week 4",15,13,198.4,3,1,6,0,0
"89","BALANGIR","DEOGAM","Jun","Jun-Week 1",11,9,61.6363636363636,2,0,2,2,0
"90","BALANGIR","DEOGAM","Jun","Jun-Week 2",14,7,143.285714285714,5,1,4,6,0
"91","BALANGIR","DEOGAM","Jun","Jun-Week 3",3,2,16.6666666666667,0,0,1,0,0
"92","BALANGIR","DEOGAM","Jun","Jun-Week 4",26,19,106.884615384615,5,1,6,1,3
"93","BALANGIR","DEOGAM","Jul","Jul-Week 1",12,8,301.416666666667,4,1,4,2,0
"94","BALANGIR","DEOGAM","Jul","Jul-Week 2",12,8,139.833333333333,6,0,5,2,0
"95","BALANGIR","DEOGAM","Jul","Jul-Week 3",8,7,74.25,2,2,2,1,0
"96","BALANGIR","DEOGAM","Jul","Jul-Week 4",10,10,255.4,2,0,2,1,1
"97","BALANGIR","DEOGAM","Aug","Aug-Week 1",28,10,193.071428571429,11,0,12,6,1
"98","BALANGIR","DEOGAM","Aug","Aug-Week 2",15,12,82.7333333333333,3,0,1,3,0
"99","BALANGIR","DEOGAM","Aug","Aug-Week 3",7,7,205.714285714286,1,1,2,0,0
"100","BALANGIR","DEOGAM","Aug","Aug-Week 4",14,13,187.571428571429,4,1,8,0,0
"101","BALANGIR","DEOGAM","Sep","Sep-Week 1",12,11,136.666666666667,3,0,2,2,0
"102","BALANGIR","DEOGAM","Sep","Sep-Week 2",11,9,109.545454545455,2,1,5,1,0
"103","BALANGIR","DEOGAM","Sep","Sep-Week 4",13,12,170,4,1,4,2,0
"104","BALANGIR","DEOGAM","Oct","Oct-Week 1",1,1,53,0,0,1,0,0
"105","BALANGIR","DEOGAM","Oct","Oct-Week 2",10,10,203,3,1,3,1,0
"106","BALANGIR","DEOGAM","Oct","Oct-Week 3",17,13,181.529411764706,8,0,6,6,1
"107","BALANGIR","GUDVELLA","Jul","Jul-Week 4",1,1,11,0,0,0,0,0
"108","BALANGIR","KHAPARAKHOL","Sep","Sep-Week 1",4,4,271,1,0,1,1,0
"109","BALANGIR","KHAPARAKHOL","Sep","Sep-Week 2",10,8,339.6,2,1,2,1,0
"110","BALANGIR","KHAPARAKHOL","Sep","Sep-Week 3",5,4,131.2,0,1,2,0,0
"111","BALANGIR","KHAPARAKHOL","Sep","Sep-Week 4",3,3,113.333333333333,0,1,1,0,0
"112","BALANGIR","KHAPARAKHOL","Oct","Oct-Week 1",3,1,28743.3333333333,3,0,4,0,0
"113","BALANGIR","KHAPARAKHOL","Oct","Oct-Week 3",2,2,135.5,1,0,1,0,0
"114","BALANGIR","KHAPARAKHOL","Oct","Oct-Week 4",1,1,233,1,0,0,1,0
"115","BALANGIR","KHAPRAKHOL","May","May-Week 3",14,14,160.428571428571,3,1,7,1,1
"116","BALANGIR","KHAPRAKHOL","May","May-Week 4",11,10,211.727272727273,5,1,3,2,1
"117","BALANGIR","KHAPRAKHOL","Jun","Jun-Week 1",7,7,325.571428571429,3,1,2,2,1
"118","BALANGIR","KHAPRAKHOL","Jun","Jun-Week 2",1,1,1059,1,0,1,0,0
"119","BALANGIR","KHAPRAKHOL","Jun","Jun-Week 3",2,2,34.5,0,0,0,1,0
"120","BALANGIR","KHAPRAKHOL","Jun","Jun-Week 4",19,13,649.368421052632,7,0,6,4,2
"121","BALANGIR","KHAPRAKHOL","Jul","Jul-Week 1",9,4,198.333333333333,3,2,2,4,0
"122","BALANGIR","KHAPRAKHOL","Jul","Jul-Week 2",5,4,19.4,0,0,0,1,0
"123","BALANGIR","KHAPRAKHOL","Jul","Jul-Week 3",6,5,32,1,0,1,0,1
"124","BALANGIR","KHAPRAKHOL","Jul","Jul-Week 4",4,4,22,0,0,0,0,0
"125","BALANGIR","KHAPRAKHOL","Aug","Aug-Week 1",6,6,113.666666666667,1,0,3,1,0
"126","BALANGIR","KHAPRAKHOL","Aug","Aug-Week 2",6,6,804.333333333333,3,0,3,0,0
"127","BALANGIR","KHAPRAKHOL","Aug","Aug-Week 3",8,6,339,6,1,6,1,0
"128","BALANGIR","KHAPRAKHOL","Aug","Aug-Week 4",10,10,238.5,2,2,1,2,1
"129","BALANGIR","KHAPRAKHOL","Sep","Sep-Week 1",4,4,190.75,1,1,1,1,0
"130","BALANGIR","KHAPRAKHOL","Sep","Sep-Week 2",10,8,88.6,2,0,2,1,0
"131","BALANGIR","KHAPRAKHOL","Sep","Sep-Week 3",1,1,9,0,0,0,0,0
"132","BALANGIR","KHAPRAKHOL","Sep","Sep-Week 4",16,14,203.5,5,1,7,2,0
"133","BALANGIR","KHAPRAKHOL","Oct","Oct-Week 1",4,4,63.25,0,0,1,0,0
"134","BALANGIR","KHAPRAKHOL","Oct","Oct-Week 2",11,7,196.363636363636,3,1,10,2,0
"135","BALANGIR","KHAPRAKHOL","Oct","Oct-Week 3",14,12,1074.57142857143,2,0,5,2,2
"136","BALANGIR","LUISINGA","May","May-Week 3",98,90,587.84693877551,13,5,14,13,2
"137","BALANGIR","LUISINGA","May","May-Week 4",165,136,153.109090909091,28,10,41,19,3
"138","BALANGIR","LUISINGA","Jun","Jun-Week 1",104,89,151.807692307692,20,8,24,13,1
"139","BALANGIR","LUISINGA","Jun","Jun-Week 2",35,26,193.6,8,4,9,6,1
"140","BALANGIR","LUISINGA","Jun","Jun-Week 3",91,70,170.626373626374,19,5,25,12,4
"141","BALANGIR","LUISINGA","Jun","Jun-Week 4",62,51,190.564516129032,12,3,23,8,3
"142","BALANGIR","LUISINGA","Jul","Jul-Week 1",92,68,207.239130434783,16,4,24,13,2
"143","BALANGIR","LUISINGA","Jul","Jul-Week 2",59,47,152.305084745763,14,6,15,8,0
"144","BALANGIR","LUISINGA","Jul","Jul-Week 3",57,49,109.333333333333,11,6,13,10,3
"145","BALANGIR","LUISINGA","Jul","Jul-Week 4",90,67,161.722222222222,25,2,24,16,4
"146","BALANGIR","LUISINGA","Aug","Aug-Week 1",60,48,272.883333333333,7,4,9,12,3
"147","BALANGIR","LUISINGA","Aug","Aug-Week 2",52,49,109.576923076923,10,4,12,6,1
"148","BALANGIR","LUISINGA","Aug","Aug-Week 3",55,52,169.690909090909,14,5,16,6,2
"149","BALANGIR","LUISINGA","Aug","Aug-Week 4",125,95,168.184,23,1,37,17,3
"150","BALANGIR","LUISINGA","Sep","Sep-Week 1",71,56,113.647887323944,8,3,25,4,1
"151","BALANGIR","LUISINGA","Sep","Sep-Week 2",52,47,90.6346153846154,5,6,12,7,1
"152","BALANGIR","LUISINGA","Sep","Sep-Week 3",37,36,125.675675675676,9,3,11,6,1
"153","BALANGIR","LUISINGA","Sep","Sep-Week 4",54,47,115.851851851852,9,2,14,5,1
"154","BALANGIR","LUISINGA","Oct","Oct-Week 1",39,35,125.307692307692,7,1,15,0,0
"155","BALANGIR","LUISINGA","Oct","Oct-Week 2",58,55,132.086206896552,20,5,22,14,1
"156","BALANGIR","LUISINGA","Oct","Oct-Week 3",103,90,202.116504854369,16,6,24,9,0
"157","BALANGIR","LUISINGA","Oct","Oct-Week 4",2,2,702.5,0,0,1,0,0
"158","BALANGIR","MURIBAHAL","May","May-Week 1",1,1,70,0,0,0,0,0
"159","BALANGIR","MURIBAHAL","May","May-Week 2",5,2,470.6,2,0,4,2,1
"160","BALANGIR","MURIBAHAL","May","May-Week 3",105,93,215.780952380952,32,14,43,15,5
"161","BALANGIR","MURIBAHAL","May","May-Week 4",65,49,249.030769230769,21,9,26,11,2
"162","BALANGIR","MURIBAHAL","Jun","Jun-Week 1",63,46,338.285714285714,23,9,27,14,2
"163","BALANGIR","MURIBAHAL","Jun","Jun-Week 2",51,38,261.588235294118,6,10,15,8,1
"164","BALANGIR","MURIBAHAL","Jun","Jun-Week 3",39,31,228.923076923077,9,3,20,5,1
"165","BALANGIR","MURIBAHAL","Jun","Jun-Week 4",137,84,327.583941605839,51,8,67,27,2
"166","BALANGIR","MURIBAHAL","Jul","Jul-Week 1",43,31,254.232558139535,8,3,19,10,1
"167","BALANGIR","MURIBAHAL","Jul","Jul-Week 2",49,32,280.326530612245,10,2,13,14,1
"168","BALANGIR","MURIBAHAL","Jul","Jul-Week 3",35,29,326.857142857143,10,4,8,7,0
"169","BALANGIR","MURIBAHAL","Jul","Jul-Week 4",67,52,217.597014925373,13,0,15,9,1
"170","BALANGIR","MURIBAHAL","Aug","Aug-Week 1",70,51,182.785714285714,8,9,28,11,4
"171","BALANGIR","MURIBAHAL","Aug","Aug-Week 2",41,38,92.4146341463415,7,3,8,9,1
"172","BALANGIR","MURIBAHAL","Aug","Aug-Week 3",35,27,235.742857142857,7,2,11,5,1
"173","BALANGIR","MURIBAHAL","Aug","Aug-Week 4",84,69,188.404761904762,17,7,26,13,0
"174","BALANGIR","MURIBAHAL","Sep","Sep-Week 1",44,35,106.931818181818,9,0,11,5,0
"175","BALANGIR","MURIBAHAL","Sep","Sep-Week 2",43,31,268.418604651163,6,1,19,4,3
"176","BALANGIR","MURIBAHAL","Sep","Sep-Week 3",20,17,575.65,7,0,6,6,1
"177","BALANGIR","MURIBAHAL","Sep","Sep-Week 4",88,57,732.988636363636,27,3,30,21,5
"178","BALANGIR","MURIBAHAL","Oct","Oct-Week 1",39,25,622.666666666667,14,0,18,12,0
"179","BALANGIR","MURIBAHAL","Oct","Oct-Week 2",57,42,176.017543859649,14,1,25,17,2
"180","BALANGIR","MURIBAHAL","Oct","Oct-Week 3",116,81,931.974137931035,22,9,38,21,7
"181","BALANGIR","MURIBAHAL","Oct","Oct-Week 4",6,3,141.166666666667,3,1,3,0,0
"182","BALANGIR","PATNAGARH","May","May-Week 3",99,89,143.20202020202,19,7,24,15,2
"183","BALANGIR","PATNAGARH","May","May-Week 4",159,140,177.547169811321,40,12,48,24,1
"184","BALANGIR","PATNAGARH","Jun","Jun-Week 1",84,74,100.035714285714,10,4,21,7,1
"185","BALANGIR","PATNAGARH","Jun","Jun-Week 2",55,48,143.254545454545,10,6,13,5,2
"186","BALANGIR","PATNAGARH","Jun","Jun-Week 3",76,57,148.065789473684,8,4,23,11,8
"187","BALANGIR","PATNAGARH","Jun","Jun-Week 4",90,72,194.933333333333,23,3,27,15,1
"188","BALANGIR","PATNAGARH","Jul","Jul-Week 1",65,55,186.430769230769,15,6,18,9,1
"189","BALANGIR","PATNAGARH","Jul","Jul-Week 2",63,54,221.460317460317,17,6,16,6,4
"190","BALANGIR","PATNAGARH","Jul","Jul-Week 3",59,46,181.440677966102,7,7,19,11,2
"191","BALANGIR","PATNAGARH","Jul","Jul-Week 4",80,65,164.925,12,5,25,8,5
"192","BALANGIR","PATNAGARH","Aug","Aug-Week 1",69,57,219.869565217391,16,8,17,18,2
"193","BALANGIR","PATNAGARH","Aug","Aug-Week 2",65,59,118.246153846154,11,4,18,11,1
"194","BALANGIR","PATNAGARH","Aug","Aug-Week 3",50,48,102.74,8,4,13,3,1
"195","BALANGIR","PATNAGARH","Aug","Aug-Week 4",89,77,123.775280898876,12,8,32,11,1
"196","BALANGIR","PATNAGARH","Sep","Sep-Week 1",58,53,112.086206896552,14,3,19,6,0
"197","BALANGIR","PATNAGARH","Sep","Sep-Week 2",58,51,121.224137931034,8,8,11,5,2
"198","BALANGIR","PATNAGARH","Sep","Sep-Week 3",41,38,264.341463414634,3,3,7,6,1
"199","BALANGIR","PATNAGARH","Sep","Sep-Week 4",108,88,228.805555555556,25,6,49,12,2
"200","BALANGIR","PATNAGARH","Oct","Oct-Week 1",82,64,206.865853658537,19,6,53,7,0
"201","BALANGIR","PATNAGARH","Oct","Oct-Week 2",73,67,134.479452054795,16,2,36,9,0
"202","BALANGIR","PATNAGARH","Oct","Oct-Week 3",88,77,164.909090909091,25,5,46,14,3
"203","BALANGIR","PATNAGARH","Oct","Oct-Week 4",10,8,170.1,4,1,5,2,0
"204","BALANGIR","PUINTALA","May","May-Week 3",94,79,117.36170212766,14,5,31,7,2
"205","BALANGIR","PUINTALA","May","May-Week 4",178,129,162.443820224719,26,9,47,10,0
"206","BALANGIR","PUINTALA","Jun","Jun-Week 1",88,66,177.261363636364,24,5,25,26,0
"207","BALANGIR","PUINTALA","Jun","Jun-Week 2",46,37,69.6304347826087,8,1,10,3,0
"208","BALANGIR","PUINTALA","Jun","Jun-Week 3",81,57,132.728395061728,18,5,35,8,1
"209","BALANGIR","PUINTALA","Jun","Jun-Week 4",59,49,191.745762711864,14,3,17,9,0
"210","BALANGIR","PUINTALA","Jul","Jul-Week 1",82,56,98.6219512195122,8,2,21,9,0
"211","BALANGIR","PUINTALA","Jul","Jul-Week 2",56,53,115.214285714286,7,4,8,8,2
"212","BALANGIR","PUINTALA","Jul","Jul-Week 3",43,37,84.6046511627907,4,1,10,3,2
"213","BALANGIR","PUINTALA","Jul","Jul-Week 4",70,60,63.5285714285714,6,5,14,3,0
"214","BALANGIR","PUINTALA","Aug","Aug-Week 1",65,50,147.538461538462,10,1,13,6,2
"215","BALANGIR","PUINTALA","Aug","Aug-Week 2",50,45,84.08,5,6,11,2,1
"216","BALANGIR","PUINTALA","Aug","Aug-Week 3",61,52,137.475409836066,11,3,17,6,0
"217","BALANGIR","PUINTALA","Aug","Aug-Week 4",95,69,150.105263157895,18,4,23,7,3
"218","BALANGIR","PUINTALA","Sep","Sep-Week 1",39,35,140.076923076923,9,2,13,4,0
"219","BALANGIR","PUINTALA","Sep","Sep-Week 2",54,44,277.407407407407,11,3,15,4,3
"220","BALANGIR","PUINTALA","Sep","Sep-Week 3",52,39,144.75,15,9,17,2,2
"221","BALANGIR","PUINTALA","Sep","Sep-Week 4",64,50,143.5625,15,7,20,4,0
"222","BALANGIR","PUINTALA","Oct","Oct-Week 1",36,31,100.75,4,1,16,1,0
"223","BALANGIR","PUINTALA","Oct","Oct-Week 2",11,8,110.181818181818,1,1,4,0,0
"224","BALANGIR","PUINTALA","Oct","Oct-Week 3",175,142,115.222857142857,41,10,59,25,5
"225","BALANGIR","PUINTALA","Oct","Oct-Week 4",10,9,87.2,4,1,4,2,0
"226","BALANGIR","SAINTALA","May","May-Week 3",79,68,95.6075949367089,13,3,28,8,2
"227","BALANGIR","SAINTALA","May","May-Week 4",111,84,705.774774774775,23,9,40,12,2
"228","BALANGIR","SAINTALA","Jun","Jun-Week 1",68,61,119.117647058824,10,5,10,5,2
"229","BALANGIR","SAINTALA","Jun","Jun-Week 2",36,32,342.444444444444,11,4,14,7,0
"230","BALANGIR","SAINTALA","Jun","Jun-Week 3",53,44,454.283018867925,12,4,18,5,4
"231","BALANGIR","SAINTALA","Jun","Jun-Week 4",70,54,185.8,11,4,17,5,6
"232","BALANGIR","SAINTALA","Jul","Jul-Week 1",40,33,380.075,9,1,15,9,1
"233","BALANGIR","SAINTALA","Jul","Jul-Week 2",32,29,137.03125,6,1,4,6,3
"234","BALANGIR","SAINTALA","Jul","Jul-Week 3",38,37,178.105263157895,9,2,15,4,1
"235","BALANGIR","SAINTALA","Jul","Jul-Week 4",63,43,352.365079365079,30,1,29,12,1
"236","BALANGIR","SAINTALA","Aug","Aug-Week 1",44,36,194.931818181818,11,3,14,7,1
"237","BALANGIR","SAINTALA","Aug","Aug-Week 2",41,35,96.9024390243902,8,1,13,3,2
"238","BALANGIR","SAINTALA","Aug","Aug-Week 3",40,37,207.475,10,0,13,3,0
"239","BALANGIR","SAINTALA","Aug","Aug-Week 4",81,66,161.172839506173,12,2,20,7,4
"240","BALANGIR","SAINTALA","Sep","Sep-Week 1",29,23,270.551724137931,8,0,12,5,1
"241","BALANGIR","SAINTALA","Sep","Sep-Week 2",42,35,167.928571428571,11,3,12,5,1
"242","BALANGIR","SAINTALA","Sep","Sep-Week 3",31,28,138.806451612903,10,1,10,3,0
"243","BALANGIR","SAINTALA","Sep","Sep-Week 4",56,44,275.125,16,0,21,7,0
"244","BALANGIR","SAINTALA","Oct","Oct-Week 1",31,23,122.096774193548,4,3,10,2,0
"245","BALANGIR","SAINTALA","Oct","Oct-Week 2",21,15,221.047619047619,8,2,24,1,0
"246","BALANGIR","SAINTALA","Oct","Oct-Week 3",161,131,681.751552795031,45,6,70,20,3
"247","BALANGIR","SAINTALA","Oct","Oct-Week 4",16,14,222.4375,5,0,9,1,1
"248","BALANGIR","TITLAGARH","May","May-Week 2",1,1,4,0,0,0,0,0
"249","BALANGIR","TITLAGARH","May","May-Week 3",73,63,146.835616438356,19,2,45,6,0
"250","BALANGIR","TITLAGARH","May","May-Week 4",44,35,244.75,7,1,11,3,1
"251","BALANGIR","TITLAGARH","Jun","Jun-Week 1",36,29,98.4722222222222,7,5,10,4,0
"252","BALANGIR","TITLAGARH","Jun","Jun-Week 2",29,23,59.551724137931,1,0,9,1,0
"253","BALANGIR","TITLAGARH","Jun","Jun-Week 3",24,21,98.2083333333333,3,1,8,0,1
"254","BALANGIR","TITLAGARH","Jun","Jun-Week 4",65,49,185.323076923077,9,3,23,7,5
"255","BALANGIR","TITLAGARH","Jul","Jul-Week 1",41,34,120.560975609756,8,3,11,3,1
"256","BALANGIR","TITLAGARH","Jul","Jul-Week 2",27,23,165.740740740741,4,1,9,2,0
"257","BALANGIR","TITLAGARH","Jul","Jul-Week 3",25,24,236.48,9,1,12,3,0
"258","BALANGIR","TITLAGARH","Jul","Jul-Week 4",46,36,155.913043478261,11,4,19,3,3
"259","BALANGIR","TITLAGARH","Aug","Aug-Week 1",44,36,192.681818181818,8,3,16,3,0
"260","BALANGIR","TITLAGARH","Aug","Aug-Week 2",38,32,98.4210526315789,6,1,11,6,0
"261","BALANGIR","TITLAGARH","Aug","Aug-Week 3",20,19,81.65,1,0,4,1,1
"262","BALANGIR","TITLAGARH","Aug","Aug-Week 4",56,43,139.642857142857,6,4,16,3,4
"263","BALANGIR","TITLAGARH","Sep","Sep-Week 1",21,17,525.571428571429,8,1,10,0,1
"264","BALANGIR","TITLAGARH","Sep","Sep-Week 2",20,19,111.6,1,0,8,2,2
"265","BALANGIR","TITLAGARH","Sep","Sep-Week 3",13,12,263,5,1,4,1,0
"266","BALANGIR","TITLAGARH","Sep","Sep-Week 4",54,46,181.092592592593,17,4,17,10,1
"267","BALANGIR","TITLAGARH","Oct","Oct-Week 1",20,17,96.75,3,0,13,0,0
"268","BALANGIR","TITLAGARH","Oct","Oct-Week 2",2,2,49.5,0,0,0,0,0
"269","BALANGIR","TITLAGARH","Oct","Oct-Week 3",105,89,657.895238095238,19,8,36,11,0
"270","BALANGIR","TITLAGARH","Oct","Oct-Week 4",2,2,22.5,0,0,0,0,0
"271","BALANGIR","TUREKELA","May","May-Week 3",15,14,430.8,6,3,6,4,0
"272","BALANGIR","TUREKELA","May","May-Week 4",27,9,41.7407407407407,0,0,3,1,0
"273","BALANGIR","TUREKELA","Jun","Jun-Week 1",6,6,109.5,2,1,2,0,1
"274","BALANGIR","TUREKELA","Jun","Jun-Week 2",6,6,66.1666666666667,1,0,0,1,0
"275","BALANGIR","TUREKELA","Jun","Jun-Week 3",2,2,9,0,0,0,0,0
"276","BALANGIR","TUREKELA","Jun","Jun-Week 4",18,14,131.944444444444,2,1,3,3,0
"277","BALANGIR","TUREKELA","Jul","Jul-Week 1",6,6,89,1,1,2,1,0
"278","BALANGIR","TUREKELA","Jul","Jul-Week 2",2,2,59,0,0,1,0,0
"279","BALANGIR","TUREKELA","Jul","Jul-Week 3",1,1,8,0,0,0,0,0
"280","BALANGIR","TUREKELA","Jul","Jul-Week 4",9,8,211.555555555556,2,1,4,2,1
"281","BALANGIR","TUREKELA","Aug","Aug-Week 1",6,6,33.6666666666667,0,0,1,0,0
"282","BALANGIR","TUREKELA","Aug","Aug-Week 2",9,8,162.555555555556,2,1,4,0,0
"283","BALANGIR","TUREKELA","Aug","Aug-Week 3",3,3,59.6666666666667,1,0,2,0,0
"284","BALANGIR","TUREKELA","Aug","Aug-Week 4",6,5,301.166666666667,3,0,4,1,0
"285","BALANGIR","TUREKELA","Sep","Sep-Week 1",2,2,160,0,0,1,0,0
"286","BALANGIR","TUREKELA","Sep","Sep-Week 2",1,1,93,0,0,0,0,0
"287","BALANGIR","TUREKELA","Sep","Sep-Week 4",6,6,57.3333333333333,0,0,0,0,0
"288","BALANGIR","TUREKELA","Oct","Oct-Week 1",6,6,175.333333333333,2,1,1,2,0
"289","BALANGIR","TUREKELA","Oct","Oct-Week 2",1,1,9,0,0,0,0,0
"290","BALANGIR","TUREKELA","Oct","Oct-Week 3",10,10,140.6,1,1,0,2,1
"291","BALASORE","ADALPUR","Sep","Sep-Week 4",2,1,231.5,0,0,2,0,0
"292","BALASORE","ADALPUR","Oct","Oct-Week 1",2,1,125.5,0,0,2,0,0
"293","BALASORE","BASTA","Oct","Oct-Week 3",1,1,8,0,0,0,0,0
"294","BALASORE","SIMULIA","Oct","Oct-Week 3",1,1,30,0,0,0,0,0
"295","BARGARH","AMBABHONA","Sep","Sep-Week 1",12,9,210,3,3,4,3,0
"296","BARGARH","AMBABHONA","Sep","Sep-Week 2",20,11,423.55,5,9,7,9,7
"297","BARGARH","AMBABHONA","Sep","Sep-Week 3",10,8,192.6,1,0,1,0,0
"298","BARGARH","AMBABHONA","Sep","Sep-Week 4",148,113,158.77027027027,36,11,46,26,3
"299","BARGARH","AMBABHONA","Oct","Oct-Week 1",71,63,115.239436619718,12,4,16,11,2
"300","BARGARH","AMBABHONA","Oct","Oct-Week 2",15,13,163.8,3,3,2,4,1
"301","BARGARH","AMBABHONA","Oct","Oct-Week 3",131,117,151.328244274809,30,6,39,19,1
"302","BARGARH","AMBABHONA","Oct","Oct-Week 4",3,2,51.3333333333333,0,1,0,0,0
"303","BARGARH","ATTABIRA","Sep","Sep-Week 1",29,25,113.655172413793,4,5,3,4,1
"304","BARGARH","ATTABIRA","Sep","Sep-Week 2",47,31,239.872340425532,14,5,21,5,3
"305","BARGARH","ATTABIRA","Sep","Sep-Week 3",36,26,158.083333333333,8,2,13,7,2
"306","BARGARH","ATTABIRA","Sep","Sep-Week 4",16,15,61.375,1,0,3,0,1
"307","BARGARH","ATTABIRA","Oct","Oct-Week 1",24,22,149.416666666667,3,4,4,3,0
"308","BARGARH","ATTABIRA","Oct","Oct-Week 2",10,9,137.9,4,0,6,0,0
"309","BARGARH","ATTABIRA","Oct","Oct-Week 3",15,13,182.133333333333,5,0,3,3,1
"310","BARGARH","BARGARH","Sep","Sep-Week 1",4,4,199.5,0,0,1,0,0
"311","BARGARH","BARGARH","Sep","Sep-Week 2",15,11,74.3333333333333,4,0,5,0,0
"312","BARGARH","BARGARH","Sep","Sep-Week 3",14,12,107.857142857143,1,0,1,1,0
"313","BARGARH","BARGARH","Sep","Sep-Week 4",6,6,89.1666666666667,1,1,3,0,0
"314","BARGARH","BARGARH","Oct","Oct-Week 1",6,6,47.6666666666667,0,0,1,0,0
"315","BARGARH","BARGARH","Oct","Oct-Week 2",6,6,46.3333333333333,1,0,0,1,0
"316","BARGARH","BARGARH","Oct","Oct-Week 3",6,6,17.5,0,0,0,0,0
"317","BARGARH","BARGARH MPL","Sep","Sep-Week 2",2,2,50.5,0,0,0,1,0
"318","BARGARH","BARGARH MPL","Sep","Sep-Week 3",1,1,104,1,0,1,0,0
"319","BARGARH","BARGARH MPL","Sep","Sep-Week 4",1,1,7,0,0,0,0,0
"320","BARGARH","BARGARH MPL","Oct","Oct-Week 2",1,1,665,0,0,0,1,0
"321","BARGARH","BARGARH MPL","Oct","Oct-Week 3",2,2,26.5,0,0,0,0,0
"322","BARGARH","BARPALI","Sep","Sep-Week 1",137,114,179.532846715328,37,16,52,31,3
"323","BARGARH","BARPALI","Sep","Sep-Week 2",185,150,204.308108108108,60,13,67,30,9
"324","BARGARH","BARPALI","Sep","Sep-Week 3",109,84,247.669724770642,35,17,50,14,8
"325","BARGARH","BARPALI","Sep","Sep-Week 4",128,92,191.6640625,33,14,48,13,5
"326","BARGARH","BARPALI","Oct","Oct-Week 1",121,94,512.537190082645,29,9,40,7,6
"327","BARGARH","BARPALI","Oct","Oct-Week 2",77,69,161.571428571429,15,1,16,8,2
"328","BARGARH","BARPALI","Oct","Oct-Week 3",152,110,351.269736842105,36,17,71,19,15
"329","BARGARH","BARPALI","Oct","Oct-Week 4",10,4,373.5,3,2,9,1,2
"330","BARGARH","BHATALI","Sep","Sep-Week 1",40,37,180.925,17,3,16,10,2
"331","BARGARH","BHATALI","Sep","Sep-Week 2",78,51,239.24358974359,25,4,35,15,3
"332","BARGARH","BHATALI","Sep","Sep-Week 3",40,34,150.575,6,2,14,5,3
"333","BARGARH","BHATALI","Sep","Sep-Week 4",47,39,153.446808510638,8,5,15,5,1
"334","BARGARH","BHATALI","Oct","Oct-Week 1",38,33,79.0789473684211,5,0,9,2,0
"335","BARGARH","BHATALI","Oct","Oct-Week 2",27,25,105.592592592593,6,4,7,3,0
"336","BARGARH","BHATALI","Oct","Oct-Week 3",39,34,198.589743589744,14,2,10,9,1
"337","BARGARH","BHATALI","Oct","Oct-Week 4",1,1,5,0,0,0,0,0
"338","BARGARH","BIJEPUR","Sep","Sep-Week 1",2,2,351,0,0,1,0,0
"339","BARGARH","BIJEPUR","Sep","Sep-Week 2",6,4,58.5,0,0,1,0,0
"340","BARGARH","BIJEPUR","Sep","Sep-Week 3",4,3,384.75,3,0,5,0,0
"341","BARGARH","BIJEPUR","Sep","Sep-Week 4",2,1,42.5,0,0,0,0,0
"342","BARGARH","BIJEPUR","Oct","Oct-Week 1",2,2,55,1,0,0,1,0
"343","BARGARH","BIJEPUR","Oct","Oct-Week 2",5,4,133,1,2,2,0,0
"344","BARGARH","BIJEPUR","Oct","Oct-Week 3",1,1,18,0,0,0,0,0
"345","BARGARH","GAISILET","Sep","Sep-Week 1",13,12,170.615384615385,4,1,5,1,0
"346","BARGARH","GAISILET","Sep","Sep-Week 2",46,32,234.086956521739,12,2,24,3,3
"347","BARGARH","GAISILET","Sep","Sep-Week 3",28,21,2688.75,7,0,18,3,0
"348","BARGARH","GAISILET","Sep","Sep-Week 4",11,10,163.090909090909,3,0,6,0,0
"349","BARGARH","GAISILET","Oct","Oct-Week 1",8,7,109.5,0,0,2,0,0
"350","BARGARH","GAISILET","Oct","Oct-Week 2",4,4,46,0,0,0,0,0
"351","BARGARH","GAISILET","Oct","Oct-Week 3",7,6,110.714285714286,1,1,2,1,0
"352","BARGARH","KAPTIPADA","Sep","Sep-Week 4",1,1,257,0,0,2,0,0
"353","BARGARH","KAPTIPADA","Oct","Oct-Week 1",1,1,374,0,0,0,1,0
"354","BARGARH","PADAMPUR","Oct","Oct-Week 1",13,9,288,7,4,7,4,0
"355","BARGARH","PADAMPUR","Oct","Oct-Week 3",2,2,276,1,0,0,1,1
"356","BARGARH","PADAMPUR NAC","Oct","Oct-Week 1",18,3,1975.22222222222,6,8,10,6,0
"357","BARGARH","PADAMPUR NAC","Oct","Oct-Week 2",8,3,181.625,1,2,4,0,0
"358","BARGARH","PADAMPUR NAC","Oct","Oct-Week 3",3,3,913,1,0,2,0,0
"359","BARGARH","RAJBORASAMBAR","Oct","Oct-Week 1",176,129,266.295454545455,59,17,85,18,6
"360","BARGARH","RAJBORASAMBAR","Oct","Oct-Week 2",46,32,261.630434782609,16,8,18,12,3
"361","BARGARH","RAJBORASAMBAR","Oct","Oct-Week 3",84,76,269.119047619048,28,3,34,17,2
"362","BARGARH","RAJBORASAMBAR","Oct","Oct-Week 4",4,2,430,1,2,3,0,1
"363","BARGARH","RAJBORASAMBAR(PADAMPUR)","Oct","Oct-Week 3",1,1,39,0,0,0,0,0
"364","BARGARH","SOHELLA","Sep","Sep-Week 1",24,21,159.291666666667,4,3,6,3,0
"365","BARGARH","SOHELLA","Sep","Sep-Week 2",28,25,188.178571428571,4,2,6,3,2
"366","BARGARH","SOHELLA","Sep","Sep-Week 3",19,18,116.473684210526,5,2,3,5,2
"367","BARGARH","SOHELLA","Sep","Sep-Week 4",22,20,108.090909090909,3,1,6,1,0
"368","BARGARH","SOHELLA","Oct","Oct-Week 1",13,12,93.8461538461538,1,0,4,2,0
"369","BARGARH","SOHELLA","Oct","Oct-Week 2",13,11,332.846153846154,5,1,6,4,0
"370","BARGARH","SOHELLA","Oct","Oct-Week 3",29,22,830.551724137931,5,0,12,3,0
"371","BARGARH","SOHELLA","Oct","Oct-Week 4",1,1,41,0,0,0,0,0
"372","BHADRAK","BASUDEVPUR","Oct","Oct-Week 3",2,2,156.5,0,0,0,0,0
"373","BHANJNAGAR","BELAGUTHA","Sep","Sep-Week 4",1,1,448,0,1,1,0,0
"374","BHANJNAGAR","BELAGUTHA","Oct","Oct-Week 1",1,1,108,0,0,1,0,0
"375","BOUDH","HARBHANGA","Oct","Oct-Week 3",3,1,190.666666666667,1,0,3,0,0
"376","DEOGARH","BARKOTE","Sep","Sep-Week 1",3,3,36.6666666666667,0,0,0,0,0
"377","DEOGARH","BARKOTE","Sep","Sep-Week 2",1,1,154,1,0,1,0,0
"378","DEOGARH","BARKOTE","Sep","Sep-Week 3",6,6,114,1,0,0,2,1
"379","DEOGARH","BARKOTE","Sep","Sep-Week 4",6,5,44.6666666666667,0,0,1,0,0
"380","DEOGARH","BARKOTE","Oct","Oct-Week 1",5,4,508.8,0,0,3,1,0
"381","DEOGARH","BARKOTE","Oct","Oct-Week 3",4,4,110,1,0,1,0,0
"382","DEOGARH","REAMAL","Sep","Sep-Week 4",2,1,642.5,0,1,1,1,1
"383","DEOGARH","REAMAL","Oct","Oct-Week 1",6,1,635.166666666667,0,1,4,5,1
"384","DEOGARH","REAMAL","Oct","Oct-Week 2",5,1,263.6,1,1,0,3,1
"385","GAJAPATI","KASINAGAR","Aug","Aug-Week 2",1,1,236,0,0,0,0,0
"386","GAJAPATI","KASINAGAR","Sep","Sep-Week 1",1,1,8,0,0,0,0,0
"387","GAJAPATI","KASINAGAR","Sep","Sep-Week 2",2,2,40.5,0,0,0,0,0
"388","GAJAPATI","KASINAGAR","Sep","Sep-Week 3",4,2,26.75,0,0,0,0,1
"389","GAJAPATI","KASINAGAR","Sep","Sep-Week 4",3,2,46.6666666666667,0,2,0,0,0
"390","GAJAPATI","KASINAGAR","Oct","Oct-Week 1",2,2,449.5,1,2,1,0,0
"391","GAJAPATI","KASINAGAR","Oct","Oct-Week 2",3,2,250.333333333333,0,0,2,0,0
"392","GAJAPATI","KASINAGAR","Oct","Oct-Week 3",4,2,263.5,1,2,4,0,0
"393","GAJAPATI","KASINAGAR","Oct","Oct-Week 4",2,1,356.5,0,2,1,0,0
"394","GAJAPATI","NUAGADA","Sep","Sep-Week 1",2,2,142.5,1,0,1,0,0
"395","GAJAPATI","NUAGADA","Sep","Sep-Week 2",2,1,45,0,0,0,0,0
"396","GAJAPATI","NUAGADA","Sep","Sep-Week 3",5,4,93.8,1,0,2,1,0
"397","GAJAPATI","NUAGADA","Sep","Sep-Week 4",6,4,42.3333333333333,0,0,0,1,0
"398","GAJAPATI","NUAGADA","Oct","Oct-Week 1",2,2,53.5,0,0,0,0,0
"399","GAJAPATI","R.UDAYAGIRI","Sep","Sep-Week 1",6,6,219.666666666667,2,2,4,0,0
"400","GAJAPATI","R.UDAYAGIRI","Sep","Sep-Week 2",6,6,68.5,0,0,1,0,0
"401","GAJAPATI","R.UDAYAGIRI","Sep","Sep-Week 3",8,6,127.875,1,2,2,2,0
"402","GAJAPATI","R.UDAYAGIRI","Sep","Sep-Week 4",5,3,264.4,2,1,1,2,2
"403","GAJAPATI","R.UDAYAGIRI","Oct","Oct-Week 1",2,2,47.5,0,1,0,0,0
"404","GAJAPATI","R.UDAYAGIRI","Oct","Oct-Week 2",1,1,79,0,0,1,0,0
"405","GAJAPATI","R.UDAYAGIRI","Oct","Oct-Week 3",1,1,650,0,0,0,1,0
"406","GAJAPATI","RAYAGAD","Sep","Sep-Week 1",3,3,61.3333333333333,0,0,0,1,0
"407","GAJAPATI","RAYAGAD","Sep","Sep-Week 2",10,4,528.3,4,1,10,4,0
"408","GAJAPATI","RAYAGAD","Sep","Sep-Week 3",3,3,79.3333333333333,1,0,1,0,0
"409","GAJAPATI","RAYAGAD","Sep","Sep-Week 4",8,6,193,2,1,4,3,0
"410","GAJAPATI","RAYAGAD","Oct","Oct-Week 1",1,1,185,1,0,1,0,0
"411","GAJAPATI","RAYAGAD","Oct","Oct-Week 2",1,1,36,0,0,0,0,0
"412","GAJAPATI","RAYAGAD","Oct","Oct-Week 3",2,1,61,0,0,0,0,0
"413","GANJAM","BEGUNIAPADA","Sep","Sep-Week 4",165,129,165.787878787879,37,21,53,14,11
"414","GANJAM","BEGUNIAPADA","Oct","Oct-Week 1",61,51,89.9344262295082,9,1,9,4,0
"415","GANJAM","BEGUNIAPADA","Oct","Oct-Week 2",8,7,110.375,0,1,1,0,1
"416","GANJAM","BEGUNIAPADA","Oct","Oct-Week 3",84,72,120.654761904762,11,8,15,9,2
"417","GANJAM","CHATRAPUR","Sep","Sep-Week 1",23,21,183.04347826087,3,6,7,7,2
"418","GANJAM","CHATRAPUR","Sep","Sep-Week 2",31,26,153.193548387097,8,2,10,2,1
"419","GANJAM","CHATRAPUR","Sep","Sep-Week 3",13,12,102,3,3,1,3,0
"420","GANJAM","CHATRAPUR","Sep","Sep-Week 4",16,14,108.5,2,3,2,1,2
"421","GANJAM","CHATRAPUR","Oct","Oct-Week 1",21,14,214,5,1,10,1,1
"422","GANJAM","CHATRAPUR","Oct","Oct-Week 2",14,11,91.4285714285714,2,0,2,2,0
"423","GANJAM","CHATRAPUR","Oct","Oct-Week 3",5,5,90,1,1,1,0,0
"424","GANJAM","CHATRAPUR NAC","Sep","Sep-Week 1",2,2,31,0,0,0,0,0
"425","GANJAM","CHATRAPUR NAC","Sep","Sep-Week 2",3,3,241.666666666667,2,0,2,0,0
"426","GANJAM","CHATRAPUR NAC","Sep","Sep-Week 3",2,2,63.5,0,0,1,0,0
"427","GANJAM","CHATRAPUR NAC","Sep","Sep-Week 4",3,3,97.3333333333333,0,2,0,0,0
"428","GANJAM","CHATRAPUR NAC","Oct","Oct-Week 2",1,1,49,0,0,0,0,1
"429","GANJAM","CHATRAPUR NAC","Oct","Oct-Week 3",4,3,56,0,0,0,0,0
"430","GANJAM","GANJAM","Sep","Sep-Week 1",33,29,160.393939393939,4,4,11,2,0
"431","GANJAM","GANJAM","Sep","Sep-Week 2",62,44,168.209677419355,15,9,19,8,6
"432","GANJAM","GANJAM","Sep","Sep-Week 3",46,36,198.695652173913,15,7,21,5,1
"433","GANJAM","GANJAM","Sep","Sep-Week 4",33,27,79.0909090909091,2,4,4,1,0
"434","GANJAM","GANJAM","Oct","Oct-Week 1",31,26,337.290322580645,6,1,9,4,1
"435","GANJAM","GANJAM","Oct","Oct-Week 2",29,24,111.586206896552,10,0,9,8,1
"436","GANJAM","GANJAM","Oct","Oct-Week 3",31,29,89.7741935483871,2,0,4,3,0
"437","GANJAM","GANJAM NAC","Sep","Sep-Week 1",1,1,31,0,0,0,0,0
"438","GANJAM","GANJAM NAC","Sep","Sep-Week 2",3,3,33.3333333333333,0,0,0,0,0
"439","GANJAM","GANJAM NAC","Sep","Sep-Week 3",3,3,81.6666666666667,1,0,1,0,0
"440","GANJAM","GANJAM NAC","Sep","Sep-Week 4",1,1,39,0,0,0,0,0
"441","GANJAM","GANJAM NAC","Oct","Oct-Week 1",1,1,18,0,0,0,0,0
"442","GANJAM","GANJAM NAC","Oct","Oct-Week 2",2,1,5.5,0,0,0,0,0
"443","GANJAM","GANJAM NAC","Oct","Oct-Week 3",1,1,23,0,0,0,0,0
"444","GANJAM","HINJILICUT","Sep","Sep-Week 1",21,16,123.857142857143,6,3,8,4,0
"445","GANJAM","HINJILICUT","Sep","Sep-Week 2",24,21,203.458333333333,7,7,10,0,2
"446","GANJAM","HINJILICUT","Sep","Sep-Week 3",17,14,182.588235294118,2,1,2,1,0
"447","GANJAM","HINJILICUT","Sep","Sep-Week 4",260,190,182.442307692308,48,33,90,31,12
"448","GANJAM","HINJILICUT","Oct","Oct-Week 1",90,67,101.088888888889,11,6,22,2,7
"449","GANJAM","HINJILICUT","Oct","Oct-Week 2",20,18,167.9,3,1,5,2,1
"450","GANJAM","HINJILICUT","Oct","Oct-Week 3",114,95,136.175438596491,16,6,37,9,3
"451","GANJAM","HINJILICUT NAC","Sep","Sep-Week 1",4,4,97.25,0,2,1,0,0
"452","GANJAM","HINJILICUT NAC","Sep","Sep-Week 2",4,4,50.75,1,0,1,0,0
"453","GANJAM","HINJILICUT NAC","Sep","Sep-Week 3",7,6,82.5714285714286,0,3,0,1,1
"454","GANJAM","HINJILICUT NAC","Sep","Sep-Week 4",3,3,75,0,0,0,0,0
"455","GANJAM","HINJILICUT NAC","Oct","Oct-Week 1",4,4,25,0,0,0,0,0
"456","GANJAM","HINJILICUT NAC","Oct","Oct-Week 3",2,2,70,0,0,0,0,1
"457","GANJAM","JAGANATHPRASAD","Sep","Sep-Week 4",1,1,52,0,0,0,0,0
"458","GANJAM","KHALLIKOTE","Aug","Aug-Week 2",1,1,40,0,0,0,1,0
"459","GANJAM","KHALLIKOTE","Sep","Sep-Week 1",12,11,162.333333333333,5,2,2,5,0
"460","GANJAM","KHALLIKOTE","Sep","Sep-Week 2",19,14,166.473684210526,2,3,3,2,2
"461","GANJAM","KHALLIKOTE","Sep","Sep-Week 3",16,13,82.25,2,3,3,1,0
"462","GANJAM","KHALLIKOTE","Sep","Sep-Week 4",6,6,88.1666666666667,1,2,1,0,0
"463","GANJAM","KHALLIKOTE","Oct","Oct-Week 1",12,7,96.5833333333333,2,2,2,2,2
"464","GANJAM","KHALLIKOTE","Oct","Oct-Week 2",6,6,53.8333333333333,0,0,0,0,0
"465","GANJAM","KHALLIKOTE","Oct","Oct-Week 3",4,4,59.5,0,0,1,1,0
"466","GANJAM","KHALLIKOTE NAC","Sep","Sep-Week 1",6,4,257.333333333333,4,1,4,0,0
"467","GANJAM","KHALLIKOTE NAC","Sep","Sep-Week 2",5,5,190.6,1,0,0,2,0
"468","GANJAM","KHALLIKOTE NAC","Sep","Sep-Week 3",3,3,33.6666666666667,0,0,1,0,0
"469","GANJAM","KHALLIKOTE NAC","Sep","Sep-Week 4",1,1,9,0,0,0,0,0
"470","GANJAM","KHALLIKOTE NAC","Oct","Oct-Week 1",7,5,36.4285714285714,0,0,0,0,0
"471","GANJAM","KHALLIKOTE NAC","Oct","Oct-Week 2",1,1,60,0,1,0,0,0
"472","GANJAM","KHALLIKOTE NAC","Oct","Oct-Week 3",6,3,33.6666666666667,0,0,0,0,0
"473","GANJAM","POLASARA","Sep","Sep-Week 2",3,1,61.3333333333333,0,0,0,0,0
"474","GANJAM","POLASARA","Sep","Sep-Week 3",1,1,42,0,0,0,0,0
"475","GANJAM","PURUSOTAMPUR","Sep","Sep-Week 4",233,170,174.326180257511,65,30,84,32,9
"476","GANJAM","PURUSOTAMPUR","Oct","Oct-Week 1",63,47,130.968253968254,16,2,24,13,2
"477","GANJAM","PURUSOTAMPUR","Oct","Oct-Week 2",7,6,172,1,0,2,2,0
"478","GANJAM","PURUSOTAMPUR","Oct","Oct-Week 3",105,87,86.4571428571429,14,5,28,9,1
"479","GANJAM","PURUSOTAMPUR","Oct","Oct-Week 4",2,2,150.5,0,0,1,0,0
"480","GANJAM","PURUSOTAMPUR NAC","Sep","Sep-Week 4",9,7,71.1111111111111,0,0,1,0,0
"481","GANJAM","PURUSOTAMPUR NAC","Oct","Oct-Week 1",9,6,47.1111111111111,0,0,1,0,0
"482","GANJAM","PURUSOTAMPUR NAC","Oct","Oct-Week 2",2,2,522,1,0,1,0,0
"483","GANJAM","PURUSOTAMPUR NAC","Oct","Oct-Week 3",5,5,107.8,0,0,3,0,0
"484","JHARSUGUDA","KIRIMIRA","Sep","Sep-Week 1",4,4,185.25,2,0,1,2,0
"485","JHARSUGUDA","KIRIMIRA","Sep","Sep-Week 2",5,3,153.4,2,1,1,4,0
"486","JHARSUGUDA","KIRIMIRA","Sep","Sep-Week 3",3,3,32,0,0,0,0,0
"487","JHARSUGUDA","KIRIMIRA","Sep","Sep-Week 4",1,1,108,0,0,0,0,0
"488","JHARSUGUDA","KIRIMIRA","Oct","Oct-Week 1",4,4,69.75,0,0,0,1,0
"489","JHARSUGUDA","KIRIMIRA","Oct","Oct-Week 2",2,2,130,0,0,0,1,0
"490","JHARSUGUDA","KIRIMIRA","Oct","Oct-Week 3",3,2,181,0,0,0,1,0
"491","JHARSUGUDA","LAIKERA","Sep","Sep-Week 1",18,7,503.111111111111,12,8,14,7,6
"492","JHARSUGUDA","LAIKERA","Sep","Sep-Week 2",27,9,424.62962962963,9,1,17,6,5
"493","JHARSUGUDA","LAIKERA","Sep","Sep-Week 3",17,9,285.352941176471,3,2,8,2,3
"494","JHARSUGUDA","LAIKERA","Sep","Sep-Week 4",23,11,259.565217391304,9,4,11,3,6
"495","JHARSUGUDA","LAIKERA","Oct","Oct-Week 1",8,4,230.75,1,5,1,1,2
"496","JHARSUGUDA","LAIKERA","Oct","Oct-Week 2",11,8,135.545454545455,1,2,2,1,1
"497","JHARSUGUDA","LAIKERA","Oct","Oct-Week 3",8,7,148.625,1,0,3,0,0
"498","KALAHANDI","DHARMAGARH","Sep","Sep-Week 1",6,5,138.833333333333,1,0,2,1,0
"499","KALAHANDI","DHARMAGARH","Sep","Sep-Week 2",5,3,334.6,3,1,5,1,1
"500","KALAHANDI","DHARMAGARH","Sep","Sep-Week 3",6,5,117.833333333333,1,1,3,0,0
"501","KALAHANDI","DHARMAGARH","Oct","Oct-Week 1",1,1,152,1,0,1,0,0
"502","KALAHANDI","DHARMAGARH","Oct","Oct-Week 2",5,3,306.4,4,0,4,1,0
"503","KALAHANDI","DHARMAGARH","Oct","Oct-Week 3",3,2,251.666666666667,1,0,2,1,0
"504","KALAHANDI","GOLAMUNDA","Sep","Sep-Week 4",5,4,115.8,0,1,1,1,0
"505","KALAHANDI","GOLAMUNDA","Oct","Oct-Week 1",3,2,410.333333333333,0,0,1,0,0
"506","KALAHANDI","GOLAMUNDA","Oct","Oct-Week 2",2,1,23,0,0,0,0,0
"507","KALAHANDI","GOLAMUNDA","Oct","Oct-Week 3",5,5,133,1,0,2,0,0
"508","KALAHANDI","JAIPATNA","Oct","Oct-Week 1",18,9,752.555555555556,8,2,12,1,0
"509","KALAHANDI","JAIPATNA","Oct","Oct-Week 2",3,3,443.333333333333,0,0,1,1,0
"510","KALAHANDI","JAIPATNA","Oct","Oct-Week 3",11,5,420.545454545455,5,2,8,3,0
"511","KALAHANDI","JUNAGARH","Sep","Sep-Week 1",2,2,123.5,1,0,0,1,1
"512","KALAHANDI","JUNAGARH","Sep","Sep-Week 2",7,6,134.142857142857,0,0,1,1,0
"513","KALAHANDI","JUNAGARH","Sep","Sep-Week 3",2,1,50.5,0,0,0,0,0
"514","KALAHANDI","JUNAGARH","Sep","Sep-Week 4",3,2,37.6666666666667,0,0,0,0,0
"515","KALAHANDI","JUNAGARH","Oct","Oct-Week 1",2,2,82,1,0,0,1,0
"516","KALAHANDI","JUNAGARH","Oct","Oct-Week 2",2,2,88,1,0,0,1,0
"517","KALAHANDI","KALAMPUR","Oct","Oct-Week 1",7,5,129.714285714286,3,1,1,2,0
"518","KALAHANDI","KALAMPUR","Oct","Oct-Week 2",1,1,39,0,0,0,0,0
"519","KALAHANDI","KALAMPUR","Oct","Oct-Week 3",2,2,343,2,0,2,0,0
"520","KALAHANDI","KARLAMUNDA","Sep","Sep-Week 4",8,6,262.5,4,0,4,0,1
"521","KALAHANDI","KARLAMUNDA","Oct","Oct-Week 1",1,1,252,0,0,1,0,0
"522","KALAHANDI","KARLAMUNDA","Oct","Oct-Week 3",5,4,1080.6,2,1,4,1,0
"523","KALAHANDI","KOKSARA","Sep","Sep-Week 4",9,7,148.333333333333,3,0,2,2,0
"524","KALAHANDI","KOKSARA","Oct","Oct-Week 1",2,2,79.5,0,1,0,0,0
"525","KALAHANDI","KOKSARA","Oct","Oct-Week 3",7,7,82.8571428571429,0,1,0,0,0
"526","KALAHANDI","LANJIGADA","Sep","Sep-Week 4",8,7,95,1,1,1,0,0
"527","KALAHANDI","LANJIGADA","Oct","Oct-Week 1",2,2,575.5,1,0,2,2,1
"528","KALAHANDI","LANJIGADA","Oct","Oct-Week 3",5,5,57.8,0,0,1,0,0
"529","KALAHANDI","NAC","Sep","Sep-Week 1",1,1,49,0,0,0,0,0
"530","KANDHAMAL","KOTAGARH","Sep","Sep-Week 2",1,1,145,1,0,2,0,0
"531","KANDHAMAL","KOTAGARH","Sep","Sep-Week 3",1,1,140,0,0,1,0,0
"532","KANDHAMAL","KOTAGARH","Sep","Sep-Week 4",1,1,42,0,0,0,0,0
"533","KANDHAMAL","KOTAGARH","Oct","Oct-Week 1",2,2,87,0,0,0,1,0
"534","KANDHAMAL","TUMUDIBANDH","Sep","Sep-Week 1",2,2,286,0,1,0,1,0
"535","KANDHAMAL","TUMUDIBANDH","Sep","Sep-Week 2",2,2,220,2,0,0,2,0
"536","KANDHAMAL","TUMUDIBANDH","Sep","Sep-Week 3",2,2,199.5,0,0,1,1,0
"537","KANDHAMAL","TUMUDIBANDH","Sep","Sep-Week 4",2,2,34.5,0,0,1,0,0
"538","KANDHAMAL","TUMUDIBANDH","Oct","Oct-Week 1",1,1,727,0,0,1,0,0
"539","KANDHAMAL","TUMUDIBANDH","Oct","Oct-Week 3",1,1,30,0,0,0,0,0
"540","KENDRAPADA","KENDRAPARA","Oct","Oct-Week 2",2,1,250.5,0,0,2,0,0
"541","KENDRAPADA","RAJKANIKA","Sep","Sep-Week 4",2,1,145.5,0,0,0,0,0
"542","KEONJHAR","BAUNSAPALA","Sep","Sep-Week 1",9,6,316.444444444444,4,1,8,1,1
"543","KEONJHAR","BAUNSAPALA","Sep","Sep-Week 2",5,3,746,0,0,3,1,0
"544","KEONJHAR","BAUNSAPALA","Sep","Sep-Week 3",5,5,138.6,0,1,0,1,0
"545","KEONJHAR","BAUNSAPALA","Sep","Sep-Week 4",6,6,365.5,4,0,3,3,0
"546","KEONJHAR","BAUNSAPALA","Oct","Oct-Week 1",4,3,128.25,2,0,2,0,0
"547","KEONJHAR","BAUNSAPALA","Oct","Oct-Week 3",7,7,316.285714285714,1,0,2,3,1
"548","KEONJHAR","GHASIPURA","Sep","Sep-Week 4",1,1,365,1,0,1,0,0
"549","KEONJHAR","GHASIPURA","Oct","Oct-Week 1",1,1,79,1,0,1,0,0
"550","KEONJHAR","GHATAGAON","Sep","Sep-Week 1",5,4,169.6,1,0,2,1,1
"551","KEONJHAR","GHATAGAON","Sep","Sep-Week 2",7,5,11478.5714285714,1,0,5,0,0
"552","KEONJHAR","GHATAGAON","Sep","Sep-Week 3",5,5,328.6,2,1,3,1,1
"553","KEONJHAR","GHATAGAON","Sep","Sep-Week 4",16,11,269.0625,4,0,6,3,1
"554","KEONJHAR","GHATAGAON","Oct","Oct-Week 1",4,3,135,0,0,0,0,0
"555","KEONJHAR","GHATAGAON","Oct","Oct-Week 2",1,1,40,0,0,0,0,0
"556","KEONJHAR","GHATAGAON","Oct","Oct-Week 3",3,3,193,3,0,3,1,0
"557","KEONJHAR","HARICHANDANPUR","Sep","Sep-Week 1",10,4,489.3,5,3,12,1,1
"558","KEONJHAR","HARICHANDANPUR","Sep","Sep-Week 2",6,2,586.166666666667,3,2,6,2,0
"559","KEONJHAR","HARICHANDANPUR","Sep","Sep-Week 3",9,7,341.888888888889,1,1,5,1,1
"560","KEONJHAR","HARICHANDANPUR","Sep","Sep-Week 4",9,6,305.777777777778,1,3,5,0,0
"561","KEONJHAR","HARICHANDANPUR","Oct","Oct-Week 1",6,5,771.166666666667,2,2,2,2,0
"562","KEONJHAR","HARICHANDANPUR","Oct","Oct-Week 2",1,1,252,0,0,0,0,0
"563","KEONJHAR","HARICHANDANPUR","Oct","Oct-Week 3",8,6,322.75,1,0,4,0,0
"564","KEONJHAR","HARICHANDANPUR","Oct","Oct-Week 4",1,1,900,0,0,1,0,0
"565","KEONJHAR","KARANJIA","Sep","Sep-Week 1",1,1,125,1,0,0,1,0
"566","KEONJHAR","TELKOI","Sep","Sep-Week 2",3,3,722.666666666667,2,1,2,0,1
"567","KEONJHAR","TELKOI","Sep","Sep-Week 3",6,5,54.6666666666667,1,0,2,0,0
"568","KEONJHAR","TELKOI","Sep","Sep-Week 4",8,6,311.125,1,0,3,0,1
"569","KEONJHAR","TELKOI","Oct","Oct-Week 1",2,2,762,1,0,2,0,0
"570","KEONJHAR","TELKOI","Oct","Oct-Week 2",4,4,138.5,1,0,2,1,0
"571","KEONJHAR","TELKOI","Oct","Oct-Week 3",7,6,582.714285714286,1,0,2,1,0
"572","KORAPUT","BOIPARIGUDA","Aug","Aug-Week 4",1,1,36,0,0,0,0,0
"573","KORAPUT","BOIPARIGUDA","Oct","Oct-Week 3",1,1,188,0,0,0,0,0
"574","KORAPUT","JEYPORE","Oct","Oct-Week 2",1,1,744,0,0,1,0,0
"575","MALKANGIRI","KALIMALA","Sep","Sep-Week 1",11,8,264.909090909091,3,0,4,3,1
"576","MALKANGIRI","KALIMALA","Sep","Sep-Week 3",9,8,165.888888888889,5,0,2,3,0
"577","MALKANGIRI","KALIMALA","Sep","Sep-Week 4",9,8,202,3,0,2,2,1
"578","MALKANGIRI","KALIMALA","Oct","Oct-Week 3",3,3,426.333333333333,1,0,1,1,0
"579","MALKANGIRI","KORKUNDA","Sep","Sep-Week 1",3,3,157.333333333333,3,0,3,0,0
"580","MALKANGIRI","KORKUNDA","Sep","Sep-Week 2",3,3,154,2,0,2,2,0
"581","MALKANGIRI","KORKUNDA","Sep","Sep-Week 3",4,4,115.75,0,0,1,0,0
"582","MALKANGIRI","KORKUNDA","Sep","Sep-Week 4",3,2,64,0,1,0,0,0
"583","MALKANGIRI","KORKUNDA","Oct","Oct-Week 1",2,2,47.5,0,0,0,0,0
"584","MALKANGIRI","KORKUNDA","Oct","Oct-Week 3",1,1,181,1,0,1,0,0
"585","MALKANGIRI","KORUKONDA","Oct","Oct-Week 3",1,1,39,0,0,0,0,0
"586","MALKANGIRI","MALKANGIRI","Sep","Sep-Week 1",9,8,200.111111111111,5,1,3,2,1
"587","MALKANGIRI","MALKANGIRI","Sep","Sep-Week 2",5,4,188,0,2,2,0,0
"588","MALKANGIRI","MALKANGIRI","Sep","Sep-Week 3",4,3,175.5,1,0,1,1,0
"589","MALKANGIRI","MALKANGIRI","Sep","Sep-Week 4",11,9,3258.45454545455,6,3,5,4,2
"590","MALKANGIRI","MALKANGIRI","Oct","Oct-Week 1",1,1,109,1,0,0,1,0
"591","MALKANGIRI","MALKANGIRI","Oct","Oct-Week 3",3,3,155.333333333333,0,0,1,0,1
"592","MALKANGIRI","PADIA","Sep","Sep-Week 1",1,1,40,0,0,0,0,0
"593","MALKANGIRI","PADIA","Sep","Sep-Week 2",2,2,121.5,1,0,1,0,0
"594","MALKANGIRI","PADIA","Sep","Sep-Week 3",4,4,52.25,0,0,1,0,0
"595","MALKANGIRI","PADIA","Oct","Oct-Week 1",1,1,186,1,1,1,0,0
"596","MALKANGIRI","PADIA","Oct","Oct-Week 3",1,1,5,0,0,0,0,0
"597","MAYURBHANJ","BAHALDA","Sep","Sep-Week 4",76,63,295.368421052632,16,13,35,12,3
"598","MAYURBHANJ","BAHALDA","Oct","Oct-Week 1",89,60,209.067415730337,20,11,31,16,1
"599","MAYURBHANJ","BAHALDA","Oct","Oct-Week 2",24,16,112.833333333333,4,2,5,4,1
"600","MAYURBHANJ","BAHALDA","Oct","Oct-Week 3",62,50,129.387096774194,5,7,12,4,5
"601","MAYURBHANJ","BAHALDA","Oct","Oct-Week 4",3,3,311.333333333333,0,0,1,0,0
"602","MAYURBHANJ","BANGRIPOSI","Sep","Sep-Week 1",105,80,234.771428571429,24,14,37,19,1
"603","MAYURBHANJ","BANGRIPOSI","Sep","Sep-Week 2",136,102,205.264705882353,27,15,42,18,8
"604","MAYURBHANJ","BANGRIPOSI","Sep","Sep-Week 3",100,73,177.91,13,13,30,13,7
"605","MAYURBHANJ","BANGRIPOSI","Sep","Sep-Week 4",89,68,1053.50561797753,13,12,16,9,6
"606","MAYURBHANJ","BANGRIPOSI","Oct","Oct-Week 1",77,65,166.519480519481,15,6,23,11,3
"607","MAYURBHANJ","BANGRIPOSI","Oct","Oct-Week 2",66,58,106.575757575758,6,3,9,7,2
"608","MAYURBHANJ","BANGRIPOSI","Oct","Oct-Week 3",83,67,175.578313253012,13,8,22,8,2
"609","MAYURBHANJ","BARASAHI","Sep","Sep-Week 4",162,130,369.771604938272,34,22,53,17,9
"610","MAYURBHANJ","BARASAHI","Oct","Oct-Week 1",128,96,120.1875,30,12,35,23,4
"611","MAYURBHANJ","BARASAHI","Oct","Oct-Week 2",48,41,132,7,6,12,10,0
"612","MAYURBHANJ","BARASAHI","Oct","Oct-Week 3",83,71,163.831325301205,13,6,21,11,7
"613","MAYURBHANJ","BARASAHI","Oct","Oct-Week 4",2,2,88.5,0,1,0,0,0
"614","MAYURBHANJ","BETNOTI","Sep","Sep-Week 4",2,1,5.5,0,0,0,0,0
"615","MAYURBHANJ","BETNOTI","Oct","Oct-Week 1",1,1,105,0,0,0,2,0
"616","MAYURBHANJ","BIJATALA","Sep","Sep-Week 4",7,7,65,2,0,4,0,0
"617","MAYURBHANJ","BIJATALA","Oct","Oct-Week 1",7,6,28.4285714285714,0,0,0,0,0
"618","MAYURBHANJ","BIJATALA","Oct","Oct-Week 3",9,8,214.777777777778,3,3,2,4,0
"619","MAYURBHANJ","BISOI","Aug","Aug-Week 2",1,1,100,0,0,0,0,0
"620","MAYURBHANJ","BISOI","Sep","Sep-Week 4",133,103,142.413533834586,23,10,33,14,4
"621","MAYURBHANJ","BISOI","Oct","Oct-Week 1",63,45,101.349206349206,6,1,8,3,1
"622","MAYURBHANJ","BISOI","Oct","Oct-Week 2",15,9,163.133333333333,1,1,3,3,0
"623","MAYURBHANJ","BISOI","Oct","Oct-Week 3",66,53,1066.27272727273,8,4,13,10,2
"624","MAYURBHANJ","BISOI","Oct","Oct-Week 4",3,2,46.6666666666667,0,0,0,0,0
"625","MAYURBHANJ","GOPABANDHUNAGAR","Sep","Sep-Week 4",9,7,200.777777777778,6,0,2,4,0
"626","MAYURBHANJ","GOPABANDHUNAGAR","Oct","Oct-Week 1",2,2,43.5,0,0,0,0,0
"627","MAYURBHANJ","GOPABANDHUNAGAR","Oct","Oct-Week 2",1,1,14,0,0,0,0,0
"628","MAYURBHANJ","GOPABANDHUNAGAR","Oct","Oct-Week 3",8,7,29.25,0,0,0,0,0
"629","MAYURBHANJ","GOPABANDHUNAGAR","Oct","Oct-Week 4",1,1,21,0,0,0,0,0
"630","MAYURBHANJ","JAMDA","Sep","Sep-Week 1",2,2,33,0,0,1,0,0
"631","MAYURBHANJ","JAMDA","Sep","Sep-Week 2",2,2,144.5,1,0,0,1,0
"632","MAYURBHANJ","JAMDA","Sep","Sep-Week 3",4,4,57.75,0,1,0,0,0
"633","MAYURBHANJ","JAMDA","Sep","Sep-Week 4",3,3,94.6666666666667,0,0,0,0,0
"634","MAYURBHANJ","JAMDA","Oct","Oct-Week 1",2,2,176.5,0,1,1,1,0
"635","MAYURBHANJ","JAMDA","Oct","Oct-Week 2",1,1,88,0,0,0,1,0
"636","MAYURBHANJ","JAMDA","Oct","Oct-Week 3",3,3,95.3333333333333,0,0,0,1,0
"637","MAYURBHANJ","JASHIPUR","Sep","Sep-Week 4",219,154,383.173515981735,53,24,83,37,4
"638","MAYURBHANJ","JASHIPUR","Oct","Oct-Week 1",86,76,118.697674418605,13,3,26,5,3
"639","MAYURBHANJ","JASHIPUR","Oct","Oct-Week 2",9,7,398.888888888889,4,2,6,3,1
"640","MAYURBHANJ","JASHIPUR","Oct","Oct-Week 3",122,96,784.5,10,8,33,11,5
"641","MAYURBHANJ","JASHIPUR","Oct","Oct-Week 4",5,5,79.4,0,1,1,0,1
"642","MAYURBHANJ","KAPTIPADA","Aug","Aug-Week 2",1,1,125,2,0,0,2,0
"643","MAYURBHANJ","KAPTIPADA","Sep","Sep-Week 1",2,2,316.5,1,0,0,2,0
"644","MAYURBHANJ","KAPTIPADA","Sep","Sep-Week 2",11,9,172.818181818182,2,1,4,3,0
"645","MAYURBHANJ","KAPTIPADA","Sep","Sep-Week 3",9,6,197.111111111111,2,0,4,2,0
"646","MAYURBHANJ","KAPTIPADA","Sep","Sep-Week 4",7,5,324.428571428571,2,0,3,1,1
"647","MAYURBHANJ","KAPTIPADA","Oct","Oct-Week 1",3,3,351.666666666667,1,0,2,0,0
"648","MAYURBHANJ","KAPTIPADA","Oct","Oct-Week 2",3,3,297,0,1,0,1,1
"649","MAYURBHANJ","KAPTIPADA","Oct","Oct-Week 3",7,6,284.428571428571,1,0,2,2,0
"650","MAYURBHANJ","KARANJIA","Sep","Sep-Week 4",16,12,202.3125,5,2,7,3,3
"651","MAYURBHANJ","KARANJIA","Oct","Oct-Week 1",1,1,40,0,0,0,0,0
"652","MAYURBHANJ","KARANJIA","Oct","Oct-Week 3",9,8,130.888888888889,0,0,2,1,0
"653","MAYURBHANJ","KARANJIA","Oct","Oct-Week 4",1,1,207,0,0,0,1,0
"654","MAYURBHANJ","KHUNTA","Sep","Sep-Week 4",110,76,202.463636363636,28,13,42,24,2
"655","MAYURBHANJ","KHUNTA","Oct","Oct-Week 1",45,37,146.288888888889,8,3,11,5,2
"656","MAYURBHANJ","KHUNTA","Oct","Oct-Week 2",7,5,159.142857142857,1,0,2,0,0
"657","MAYURBHANJ","KHUNTA","Oct","Oct-Week 3",79,61,118.860759493671,11,13,13,10,5
"658","MAYURBHANJ","KHUNTA","Oct","Oct-Week 4",5,3,50.4,0,0,2,0,0
"659","MAYURBHANJ","KULIANA","Sep","Sep-Week 4",2,2,71.5,0,0,0,0,1
"660","MAYURBHANJ","KULIANA","Oct","Oct-Week 1",6,4,5243,1,0,0,1,0
"661","MAYURBHANJ","KULIANA","Oct","Oct-Week 3",3,2,3373.66666666667,0,0,2,0,0
"662","MAYURBHANJ","MORADA","Sep","Sep-Week 4",3,3,424,2,1,1,2,0
"663","MAYURBHANJ","MORADA","Oct","Oct-Week 1",5,2,592.8,3,0,4,3,0
"664","MAYURBHANJ","MORADA","Oct","Oct-Week 2",3,2,251.666666666667,0,0,0,2,0
"665","MAYURBHANJ","MORADA","Oct","Oct-Week 3",3,3,56.3333333333333,0,0,0,0,0
"666","MAYURBHANJ","RARUAN","Sep","Sep-Week 4",24,14,225.458333333333,10,1,15,2,2
"667","MAYURBHANJ","RARUAN","Oct","Oct-Week 1",8,4,523.125,0,3,3,0,1
"668","MAYURBHANJ","RARUAN","Oct","Oct-Week 2",1,1,195,0,0,1,0,0
"669","MAYURBHANJ","RARUAN","Oct","Oct-Week 3",8,7,97,0,0,2,0,0
"670","MAYURBHANJ","RARUAN","Oct","Oct-Week 4",3,2,112.666666666667,0,0,2,0,0
"671","MAYURBHANJ","RASAGOBINDAPUR","Sep","Sep-Week 4",5,5,240.6,1,0,2,0,0
"672","MAYURBHANJ","RASAGOBINDAPUR","Oct","Oct-Week 1",4,3,323,4,0,3,1,1
"673","MAYURBHANJ","RASAGOBINDAPUR","Oct","Oct-Week 2",2,2,127.5,1,0,1,0,0
"674","MAYURBHANJ","RASAGOBINDAPUR","Oct","Oct-Week 3",2,2,465,0,0,0,2,0
"675","MAYURBHANJ","SAMAKHUNTA","Sep","Sep-Week 1",75,67,215.88,22,16,33,11,0
"676","MAYURBHANJ","SAMAKHUNTA","Sep","Sep-Week 2",90,71,148.833333333333,15,10,24,7,1
"677","MAYURBHANJ","SAMAKHUNTA","Sep","Sep-Week 3",56,50,154.696428571429,14,4,10,12,2
"678","MAYURBHANJ","SAMAKHUNTA","Sep","Sep-Week 4",71,59,206.30985915493,18,5,24,10,3
"679","MAYURBHANJ","SAMAKHUNTA","Oct","Oct-Week 1",66,51,176.227272727273,14,9,22,6,2
"680","MAYURBHANJ","SAMAKHUNTA","Oct","Oct-Week 2",50,44,296.86,6,2,10,6,1
"681","MAYURBHANJ","SAMAKHUNTA","Oct","Oct-Week 3",43,40,166.279069767442,6,4,10,3,3
"682","MAYURBHANJ","SARASKANA","Aug","Aug-Week 4",1,1,16,0,0,0,0,0
"683","MAYURBHANJ","SARASKANA","Sep","Sep-Week 1",1,1,40,0,0,0,0,0
"684","MAYURBHANJ","SUKRULI","Sep","Sep-Week 4",15,10,114.2,3,2,8,0,0
"685","MAYURBHANJ","SUKRULI","Oct","Oct-Week 1",6,6,272.333333333333,2,1,2,0,0
"686","MAYURBHANJ","SUKRULI","Oct","Oct-Week 3",8,5,268.25,4,0,3,1,0
"687","MAYURBHANJ","THAKURMUNDA","Sep","Sep-Week 3",4,1,456.25,7,0,6,7,0
"688","MAYURBHANJ","THAKURMUNDA","Sep","Sep-Week 4",15,10,293.266666666667,4,3,7,8,1
"689","MAYURBHANJ","THAKURMUNDA","Oct","Oct-Week 1",6,6,194.166666666667,4,1,2,3,2
"690","MAYURBHANJ","THAKURMUNDA","Oct","Oct-Week 2",1,1,223,0,0,0,1,0
"691","MAYURBHANJ","THAKURMUNDA","Oct","Oct-Week 3",5,4,120.6,2,0,5,1,0
"692","MAYURBHANJ","THAKURMUNDA","Oct","Oct-Week 4",1,1,119,0,0,1,0,0
"693","MAYURBHANJ","TIRING","Sep","Sep-Week 1",6,5,102,2,0,2,0,0
"694","MAYURBHANJ","TIRING","Sep","Sep-Week 2",7,6,184.142857142857,2,0,4,2,0
"695","MAYURBHANJ","TIRING","Sep","Sep-Week 3",6,3,253.5,2,0,2,2,0
"696","MAYURBHANJ","TIRING","Sep","Sep-Week 4",3,3,749.333333333333,2,2,1,1,0
"697","MAYURBHANJ","TIRING","Oct","Oct-Week 1",3,2,81,0,0,1,0,0
"698","MAYURBHANJ","TIRING","Oct","Oct-Week 3",2,2,140,0,0,0,0,0
"699","MAYURBHANJ","UDALA","Sep","Sep-Week 1",5,4,176.4,1,0,2,0,0
"700","MAYURBHANJ","UDALA","Sep","Sep-Week 2",2,2,803,1,0,1,0,0
"701","MAYURBHANJ","UDALA","Sep","Sep-Week 3",3,2,116,1,0,1,0,0
"702","MAYURBHANJ","UDALA","Sep","Sep-Week 4",5,5,76.6,1,0,1,0,0
"703","MAYURBHANJ","UDALA","Oct","Oct-Week 1",3,3,298.666666666667,1,0,1,0,0
"704","MAYURBHANJ","UDALA","Oct","Oct-Week 2",1,1,58,0,0,0,0,0
"705","MAYURBHANJ","UDALA","Oct","Oct-Week 3",7,7,67.8571428571429,1,1,0,1,0
"706","NABARANGPUR","KOSAGUMUDA","Sep","Sep-Week 1",5,5,146.4,1,0,3,0,0
"707","NABARANGPUR","KOSAGUMUDA","Sep","Sep-Week 2",3,1,113,0,0,3,0,0
"708","NABARANGPUR","KOSAGUMUDA","Sep","Sep-Week 3",6,5,82.6666666666667,2,0,1,1,0
"709","NABARANGPUR","KOSAGUMUDA","Sep","Sep-Week 4",9,8,178.555555555556,1,1,5,1,0
"710","NABARANGPUR","KOSAGUMUDA","Oct","Oct-Week 1",2,2,22.5,0,0,0,0,0
"711","NABARANGPUR","KOSAGUMUDA","Oct","Oct-Week 2",1,1,43,0,0,0,0,0
"712","NABARANGPUR","KOSAGUMUDA","Oct","Oct-Week 3",4,3,548.25,2,0,4,0,0
"713","NABARANGPUR","PAPADAHANDI","Sep","Sep-Week 1",4,4,531.5,1,2,3,0,0
"714","NABARANGPUR","PAPADAHANDI","Sep","Sep-Week 2",2,2,249,1,1,2,0,0
"715","NABARANGPUR","PAPADAHANDI","Sep","Sep-Week 3",25,2,238.92,8,7,14,1,4
"716","NABARANGPUR","PAPADAHANDI","Sep","Sep-Week 4",5,3,206.2,2,1,4,0,0
"717","NABARANGPUR","PAPADAHANDI","Oct","Oct-Week 2",3,3,56.6666666666667,0,0,0,0,0
"718","NABARANGPUR","PAPADAHANDI","Oct","Oct-Week 3",5,5,124.8,0,0,1,1,0
"719","NABARANGPUR","PAPADAHANDI","Oct","Oct-Week 4",1,1,127,0,0,1,0,0
"720","NUAPADA","BODEN","Sep","Sep-Week 4",8,5,119,1,0,4,2,0
"721","NUAPADA","BODEN","Oct","Oct-Week 2",1,1,43,0,0,0,0,0
"722","NUAPADA","BODEN","Oct","Oct-Week 3",6,5,88.3333333333333,0,0,2,0,0
"723","NUAPADA","KHARIAR","Sep","Sep-Week 4",10,8,527.1,3,0,6,2,1
"724","NUAPADA","KHARIAR","Oct","Oct-Week 3",5,4,186.4,1,1,4,1,0
"725","PURI","BRAHMAGIRI","Aug","Aug-Week 4",1,1,14,0,0,0,0,0
"726","PURI","BRAHMAGIRI","Oct","Oct-Week 3",2,2,166,0,0,0,0,0
"727","PURI","GOP","May","May-Week 1",7,4,105.714285714286,1,3,3,1,0
"728","PURI","GOP","May","May-Week 2",3,2,33.6666666666667,0,0,2,0,0
"729","PURI","GOP","May","May-Week 3",36,30,87.3611111111111,6,0,5,5,2
"730","PURI","GOP","May","May-Week 4",46,33,141.478260869565,7,4,8,7,1
"731","PURI","GOP","Jun","Jun-Week 1",33,30,91.3939393939394,2,0,3,6,0
"732","PURI","GOP","Jun","Jun-Week 2",28,25,103.785714285714,1,2,2,4,1
"733","PURI","GOP","Jun","Jun-Week 3",39,35,148.589743589744,3,0,7,1,0
"734","PURI","GOP","Jun","Jun-Week 4",72,54,178.208333333333,7,0,12,10,0
"735","PURI","GOP","Jul","Jul-Week 1",26,26,174.346153846154,6,1,4,5,0
"736","PURI","GOP","Jul","Jul-Week 2",41,35,154.048780487805,7,1,7,7,0
"737","PURI","GOP","Jul","Jul-Week 3",36,33,82.9166666666667,4,1,9,4,0
"738","PURI","GOP","Jul","Jul-Week 4",54,34,202.314814814815,9,3,18,7,3
"739","PURI","GOP","Aug","Aug-Week 1",31,23,223.322580645161,2,1,9,1,0
"740","PURI","GOP","Aug","Aug-Week 2",30,25,207.066666666667,4,2,3,6,0
"741","PURI","GOP","Aug","Aug-Week 3",16,14,90.625,1,0,2,1,0
"742","PURI","GOP","Aug","Aug-Week 4",96,71,168.572916666667,23,18,40,13,5
"743","PURI","GOP","Sep","Sep-Week 1",212,170,166.929245283019,40,21,72,33,6
"744","PURI","GOP","Sep","Sep-Week 2",101,91,129.544554455446,13,9,22,7,2
"745","PURI","GOP","Sep","Sep-Week 3",140,115,136.207142857143,17,16,35,10,6
"746","PURI","GOP","Sep","Sep-Week 4",171,145,177.795321637427,29,10,56,10,6
"747","PURI","GOP","Oct","Oct-Week 1",188,138,177.079787234043,41,10,88,12,3
"748","PURI","GOP","Oct","Oct-Week 2",159,132,197.534591194969,38,13,59,21,3
"749","PURI","GOP","Oct","Oct-Week 3",138,121,261.913043478261,27,9,36,17,5
"750","PURI","GOP","Oct","Oct-Week 4",6,6,132.333333333333,0,0,2,1,0
"751","PURI","KANAS","Aug","Aug-Week 4",1,1,393,0,0,1,0,0
"752","PURI","NIMAPARA","May","May-Week 1",2,2,425,0,0,2,0,0
"753","PURI","NIMAPARA","May","May-Week 2",1,1,74,0,0,0,0,0
"754","PURI","NIMAPARA","May","May-Week 3",31,27,91.4838709677419,5,0,9,1,0
"755","PURI","NIMAPARA","May","May-Week 4",40,37,136.05,6,1,9,2,0
"756","PURI","NIMAPARA","Jun","Jun-Week 1",37,30,87.4594594594595,1,0,5,0,0
"757","PURI","NIMAPARA","Jun","Jun-Week 2",24,22,92.9583333333333,1,2,3,1,0
"758","PURI","NIMAPARA","Jun","Jun-Week 3",35,28,58.8571428571429,3,1,5,0,0
"759","PURI","NIMAPARA","Jun","Jun-Week 4",54,39,134.592592592593,6,4,12,7,2
"760","PURI","NIMAPARA","Jul","Jul-Week 1",37,33,179,4,0,8,6,1
"761","PURI","NIMAPARA","Jul","Jul-Week 2",30,26,172.2,2,0,5,2,0
"762","PURI","NIMAPARA","Jul","Jul-Week 3",77,49,95.9350649350649,15,2,24,9,1
"763","PURI","NIMAPARA","Jul","Jul-Week 4",63,46,99.3492063492064,4,2,16,5,0
"764","PURI","NIMAPARA","Aug","Aug-Week 1",40,32,104.075,2,4,6,5,0
"765","PURI","NIMAPARA","Aug","Aug-Week 2",28,26,82.2142857142857,1,1,5,1,2
"766","PURI","NIMAPARA","Aug","Aug-Week 3",21,19,64.7142857142857,2,1,3,1,3
"767","PURI","NIMAPARA","Aug","Aug-Week 4",76,63,173.592105263158,13,7,24,9,5
"768","PURI","NIMAPARA","Sep","Sep-Week 1",201,150,177.865671641791,46,20,70,24,4
"769","PURI","NIMAPARA","Sep","Sep-Week 2",122,107,131.360655737705,20,12,34,9,5
"770","PURI","NIMAPARA","Sep","Sep-Week 3",173,147,819.936416184971,34,14,50,12,5
"771","PURI","NIMAPARA","Sep","Sep-Week 4",136,117,84.4264705882353,16,4,20,9,4
"772","PURI","NIMAPARA","Oct","Oct-Week 1",128,107,74.2109375,9,3,24,12,1
"773","PURI","NIMAPARA","Oct","Oct-Week 2",109,97,115.651376146789,15,2,24,11,1
"774","PURI","NIMAPARA","Oct","Oct-Week 3",128,119,96.65625,14,10,17,16,2
"775","PURI","NIMAPARA","Oct","Oct-Week 4",2,2,10.5,0,0,0,0,0
"776","PURI","PIPLI","May","May-Week 1",2,2,345,0,1,2,0,0
"777","PURI","PIPLI","May","May-Week 2",2,2,66.5,0,0,2,0,0
"778","PURI","PIPLI","May","May-Week 3",34,34,108.470588235294,2,5,7,1,0
"779","PURI","PIPLI","May","May-Week 4",54,43,143.333333333333,4,4,14,3,1
"780","PURI","PIPLI","Jun","Jun-Week 1",42,37,232.357142857143,4,0,9,1,1
"781","PURI","PIPLI","Jun","Jun-Week 2",34,32,136.529411764706,8,0,7,2,0
"782","PURI","PIPLI","Jun","Jun-Week 3",43,34,99.0232558139535,2,5,13,2,2
"783","PURI","PIPLI","Jun","Jun-Week 4",85,68,108.870588235294,12,12,22,3,2
"784","PURI","PIPLI","Jul","Jul-Week 1",47,36,142.829787234043,7,4,13,5,0
"785","PURI","PIPLI","Jul","Jul-Week 2",42,34,72.7619047619048,8,3,7,7,0
"786","PURI","PIPLI","Jul","Jul-Week 3",64,52,127.25,6,3,20,4,1
"787","PURI","PIPLI","Jul","Jul-Week 4",114,91,117.973684210526,7,3,18,7,6
"788","PURI","PIPLI","Aug","Aug-Week 1",42,35,128.071428571429,8,1,11,6,0
"789","PURI","PIPLI","Aug","Aug-Week 2",61,41,107.262295081967,6,3,19,2,3
"790","PURI","PIPLI","Aug","Aug-Week 3",34,24,216.705882352941,4,1,11,2,1
"791","PURI","PIPLI","Aug","Aug-Week 4",94,69,190.851063829787,14,11,21,9,2
"792","PURI","PIPLI","Sep","Sep-Week 1",156,123,601.608974358974,30,16,41,20,11
"793","PURI","PIPLI","Sep","Sep-Week 2",88,79,134.045454545455,17,9,16,8,1
"794","PURI","PIPLI","Sep","Sep-Week 3",123,103,190.447154471545,16,5,29,10,2
"795","PURI","PIPLI","Sep","Sep-Week 4",269,202,456.167286245353,69,19,91,33,5
"796","PURI","PIPLI","Oct","Oct-Week 1",213,175,483.694835680751,33,13,90,21,4
"797","PURI","PIPLI","Oct","Oct-Week 2",230,190,199.204347826087,39,13,102,17,4
"798","PURI","PIPLI","Oct","Oct-Week 3",214,187,138.158878504673,27,13,60,16,4
"799","PURI","PIPLI","Oct","Oct-Week 4",10,8,117.2,1,0,3,1,1
"800","PURI","PURI MPL","Sep","Sep-Week 2",1,1,219,1,0,1,0,0
"801","PURI","PURI MPL","Sep","Sep-Week 3",2,1,64.5,0,0,3,0,0
"802","PURI","PURI SADAR","Sep","Sep-Week 4",163,131,140.374233128834,40,20,61,25,8
"803","PURI","PURI SADAR","Oct","Oct-Week 1",99,82,144.49494949495,20,21,28,15,4
"804","PURI","PURI SADAR","Oct","Oct-Week 2",23,22,116.869565217391,5,3,7,3,1
"805","PURI","PURI SADAR","Oct","Oct-Week 3",92,77,154.532608695652,14,3,20,10,1
"806","PURI","PURI SADAR","Oct","Oct-Week 4",11,7,83.0909090909091,1,0,0,1,0
"807","PURI","SATYABADI","Aug","Aug-Week 4",21,19,139.952380952381,4,0,8,4,1
"808","PURI","SATYABADI","Sep","Sep-Week 1",281,174,208.014234875445,56,48,168,44,11
"809","PURI","SATYABADI","Sep","Sep-Week 2",115,79,198.660869565217,21,17,66,13,3
"810","PURI","SATYABADI","Sep","Sep-Week 3",112,96,149.883928571429,16,4,34,9,2
"811","PURI","SATYABADI","Sep","Sep-Week 4",77,62,132.532467532468,16,5,16,9,3
"812","PURI","SATYABADI","Oct","Oct-Week 1",85,64,346.823529411765,7,4,18,8,4
"813","PURI","SATYABADI","Oct","Oct-Week 2",55,48,141.909090909091,8,3,17,1,2
"814","PURI","SATYABADI","Oct","Oct-Week 3",76,63,1304.5,10,6,24,6,2
"815","PURI","SATYABADI","Oct","Oct-Week 4",1,1,242,1,0,1,0,0
"816","RAYAGADA","BISAMA KATAK","Sep","Sep-Week 1",6,5,72,0,0,1,0,1
"817","RAYAGADA","BISAMA KATAK","Sep","Sep-Week 2",3,3,120,1,0,2,1,0
"818","RAYAGADA","BISAMA KATAK","Sep","Sep-Week 3",1,1,117,0,0,1,0,0
"819","RAYAGADA","BISAMA KATAK","Sep","Sep-Week 4",8,6,116.875,0,1,2,0,0
"820","RAYAGADA","BISAMA KATAK","Oct","Oct-Week 2",3,3,67,0,1,2,0,0
"821","RAYAGADA","GUNUPUR","Sep","Sep-Week 1",3,2,86,0,0,1,0,0
"822","RAYAGADA","GUNUPUR","Sep","Sep-Week 3",3,3,119,0,0,1,0,0
"823","RAYAGADA","GUNUPUR","Sep","Sep-Week 4",4,3,274,1,1,5,0,0
"824","RAYAGADA","GUNUPUR","Oct","Oct-Week 1",2,2,149,1,0,0,1,0
"825","RAYAGADA","GUNUPUR","Oct","Oct-Week 3",2,2,18,0,0,0,0,0
"826","RAYAGADA","GUNUPUR","Oct","Oct-Week 4",1,1,41,0,0,0,0,0
"827","RAYAGADA","KALYANSINGHPUR","Sep","Sep-Week 4",14,10,278.642857142857,1,1,5,1,0
"828","RAYAGADA","KALYANSINGHPUR","Oct","Oct-Week 1",7,5,100.714285714286,1,0,2,2,0
"829","RAYAGADA","KALYANSINGHPUR","Oct","Oct-Week 3",5,4,117.6,0,0,2,1,0
"830","RAYAGADA","KASHIPUR","Sep","Sep-Week 4",8,7,129.375,0,3,3,2,0
"831","RAYAGADA","KASHIPUR","Oct","Oct-Week 1",1,1,211,1,0,1,0,0
"832","RAYAGADA","KASHIPUR","Oct","Oct-Week 3",5,4,329,2,0,0,2,1
"833","RAYAGADA","KASHIPUR","Oct","Oct-Week 4",1,1,411,2,0,1,1,0
"834","RAYAGADA","MUNIGUDA","Sep","Sep-Week 1",3,2,82.6666666666667,2,1,0,1,0
"835","RAYAGADA","MUNIGUDA","Sep","Sep-Week 2",8,3,801.125,6,3,13,1,0
"836","RAYAGADA","MUNIGUDA","Sep","Sep-Week 3",15,7,543.266666666667,7,0,10,2,1
"837","RAYAGADA","MUNIGUDA","Sep","Sep-Week 4",23,7,803.739130434783,18,3,32,4,1
"838","RAYAGADA","MUNIGUDA","Oct","Oct-Week 1",12,3,3935.41666666667,10,2,13,6,0
"839","RAYAGADA","MUNIGUDA","Oct","Oct-Week 2",4,2,784.5,4,0,5,0,0
"840","RAYAGADA","MUNIGUDA","Oct","Oct-Week 3",11,6,2245.90909090909,7,1,7,4,1
"841","RAYAGADA","PADMPUR","Sep","Sep-Week 1",2,1,13,0,0,0,0,0
"842","RAYAGADA","PADMPUR","Sep","Sep-Week 2",1,1,31,0,0,0,0,0
"843","RAYAGADA","PADMPUR","Sep","Sep-Week 3",6,6,113,2,0,4,1,0
"844","RAYAGADA","PADMPUR","Sep","Sep-Week 4",8,7,36.75,0,0,0,0,0
"845","RAYAGADA","PADMPUR","Oct","Oct-Week 1",5,4,198.8,1,0,4,1,0
"846","RAYAGADA","PADMPUR","Oct","Oct-Week 2",1,1,3,0,0,0,0,1
"847","RAYAGADA","PADMPUR","Oct","Oct-Week 3",3,2,139.666666666667,0,0,0,1,0
"848","SAMBALPUR","JAMANKIRA","Aug","Aug-Week 4",1,1,87,0,0,0,1,0
"849","SAMBALPUR","JAMANKIRA","Sep","Sep-Week 1",4,4,252.75,1,0,2,0,0
"850","SAMBALPUR","JAMANKIRA","Sep","Sep-Week 2",9,3,95.4444444444444,1,0,8,0,0
"851","SAMBALPUR","JAMANKIRA","Sep","Sep-Week 3",5,3,169.2,2,1,2,2,0
"852","SAMBALPUR","JAMANKIRA","Sep","Sep-Week 4",2,2,59.5,1,0,1,0,0
"853","SAMBALPUR","JAMANKIRA","Oct","Oct-Week 1",1,1,43,0,0,0,0,0
"854","SAMBALPUR","JAMANKIRA","Oct","Oct-Week 2",3,3,74.6666666666667,0,0,1,0,0
"855","SAMBALPUR","JAMANKIRA","Oct","Oct-Week 3",4,2,27.5,0,0,0,0,0
"856","SAMBALPUR","JUJUMORA","Sep","Sep-Week 1",6,3,262.333333333333,1,1,3,1,0
"857","SAMBALPUR","JUJUMORA","Sep","Sep-Week 2",1,1,612,0,0,1,0,0
"858","SAMBALPUR","JUJUMORA","Sep","Sep-Week 3",2,2,337.5,0,0,1,0,0
"859","SAMBALPUR","JUJUMORA","Sep","Sep-Week 4",4,4,250.5,1,0,1,0,0
"860","SAMBALPUR","JUJUMORA","Oct","Oct-Week 1",2,2,131.5,0,0,0,0,0
"861","SAMBALPUR","JUJUMORA","Oct","Oct-Week 2",1,1,58,0,0,0,0,0
"862","SAMBALPUR","JUJUMORA","Oct","Oct-Week 3",2,2,141.5,0,0,1,0,0
"863","SAMBALPUR","KUCHINDA","Sep","Sep-Week 3",2,1,91.5,0,0,0,0,0
"864","SAMBALPUR","RENGALI","Sep","Sep-Week 1",4,3,229,2,1,1,2,1
"865","SAMBALPUR","RENGALI","Sep","Sep-Week 2",7,4,203.714285714286,3,0,4,2,0
"866","SAMBALPUR","RENGALI","Sep","Sep-Week 3",9,5,198.111111111111,4,1,5,1,0
"867","SAMBALPUR","RENGALI","Sep","Sep-Week 4",3,3,66.3333333333333,0,0,0,0,0
"868","SAMBALPUR","RENGALI","Oct","Oct-Week 1",6,4,122.833333333333,2,1,1,1,0
"869","SAMBALPUR","RENGALI","Oct","Oct-Week 2",1,1,219,1,0,0,1,0
"870","SAMBALPUR","RENGALI","Oct","Oct-Week 3",2,1,12829,1,0,1,1,0
"871","SONEPUR","BIRAMAHARALPUR","Sep","Sep-Week 1",7,6,77.8571428571429,0,1,3,0,0
"872","SONEPUR","BIRAMAHARALPUR","Sep","Sep-Week 2",2,2,108.5,0,0,0,1,0
"873","SONEPUR","BIRAMAHARALPUR","Sep","Sep-Week 3",6,4,56.8333333333333,1,0,1,0,0
"874","SONEPUR","BIRAMAHARALPUR","Sep","Sep-Week 4",2,2,187.5,1,0,1,0,0
"875","SONEPUR","BIRAMAHARALPUR","Oct","Oct-Week 1",3,3,101,1,0,1,0,0
"876","SONEPUR","BIRAMAHARALPUR","Oct","Oct-Week 3",1,1,108,0,0,0,1,0
"877","SONEPUR","ULUNDA","Sep","Sep-Week 1",3,3,229.666666666667,1,0,2,1,0
"878","SONEPUR","ULUNDA","Sep","Sep-Week 2",4,3,196,0,1,2,1,0
"879","SONEPUR","ULUNDA","Sep","Sep-Week 3",1,1,44,0,0,0,0,0
"880","SONEPUR","ULUNDA","Sep","Sep-Week 4",2,2,195.5,1,0,0,1,0
"881","SONEPUR","ULUNDA","Oct","Oct-Week 1",3,2,52.3333333333333,0,1,0,0,0
"882","SONEPUR","ULUNDA","Oct","Oct-Week 2",3,3,38.6666666666667,0,1,0,0,0
"883","SONEPUR","ULUNDA","Oct","Oct-Week 3",2,2,53,0,0,0,0,0
"884","SUBARNAPUR","DUNGURIPALI","Oct","Oct-Week 1",1,1,253,0,0,0,1,0
"885","SUBARNAPUR","DUNGURIPALI","Oct","Oct-Week 2",1,1,1093,1,0,1,0,0
"886","SUNDARGARH","BALISANKARA","Sep","Sep-Week 1",6,6,366,4,1,5,2,1
"887","SUNDARGARH","BALISANKARA","Sep","Sep-Week 2",5,4,36.8,0,0,0,1,1
"888","SUNDARGARH","BALISANKARA","Sep","Sep-Week 3",2,2,112,0,0,1,0,0
"889","SUNDARGARH","BALISANKARA","Sep","Sep-Week 4",8,6,283.375,4,0,4,2,0
"890","SUNDARGARH","BALISANKARA","Oct","Oct-Week 1",5,5,185.6,5,0,3,0,0
"891","SUNDARGARH","BALISANKARA","Oct","Oct-Week 2",4,4,99.75,0,1,0,0,0
"892","SUNDARGARH","BALISANKARA","Oct","Oct-Week 3",3,3,266.333333333333,2,1,3,1,0
"893","SUNDARGARH","BANEI","Sep","Sep-Week 4",19,11,175.894736842105,3,5,8,6,0
"894","SUNDARGARH","BANEI","Oct","Oct-Week 1",6,5,81,1,1,1,1,0
"895","SUNDARGARH","BANEI","Oct","Oct-Week 2",1,1,284,1,0,1,0,0
"896","SUNDARGARH","BANEI","Oct","Oct-Week 3",4,4,431.5,0,1,1,0,1
"897","SUNDARGARH","GURUNDIA","Sep","Sep-Week 4",13,11,189.769230769231,3,1,6,5,0
"898","SUNDARGARH","GURUNDIA","Oct","Oct-Week 1",4,3,26,0,0,0,0,0
"899","SUNDARGARH","GURUNDIA","Oct","Oct-Week 3",8,8,244.5,0,0,4,0,1
"900","SUNDARGARH","HEMAGIRI","Sep","Sep-Week 4",6,5,192.666666666667,0,0,3,1,0
"901","SUNDARGARH","HEMAGIRI","Oct","Oct-Week 1",6,6,69.5,1,0,1,0,0
"902","SUNDARGARH","HEMAGIRI","Oct","Oct-Week 3",1,1,34,0,0,0,0,0
"903","SUNDARGARH","HEMAGIRI","Oct","Oct-Week 4",3,2,135.666666666667,1,0,3,0,0
"904","SUNDARGARH","KOIDA","Sep","Sep-Week 1",2,1,39.5,0,0,0,0,0
"905","SUNDARGARH","KOIDA","Sep","Sep-Week 2",2,2,41.5,0,0,0,0,0
"906","SUNDARGARH","KOIDA","Sep","Sep-Week 3",10,8,54.6,0,0,1,0,0
"907","SUNDARGARH","KOIDA","Sep","Sep-Week 4",5,5,60.2,0,0,0,0,0
"908","SUNDARGARH","KOIDA","Oct","Oct-Week 1",5,5,189.4,2,0,1,1,0
"909","SUNDARGARH","KOIDA","Oct","Oct-Week 2",2,2,398,1,0,0,1,0
"910","SUNDARGARH","KOIDA","Oct","Oct-Week 3",5,5,290.6,3,1,2,2,0
"911","SUNDARGARH","KOIDA","Oct","Oct-Week 4",2,1,707.5,2,0,1,0,0
"912","SUNDARGARH","KUNARMUNDA","Sep","Sep-Week 4",7,6,1634,1,0,3,0,0
"913","SUNDARGARH","KUNARMUNDA","Oct","Oct-Week 1",2,2,232,0,0,1,0,0
"914","SUNDARGARH","KUNARMUNDA","Oct","Oct-Week 3",6,5,351.166666666667,0,0,2,1,0
"915","SUNDARGARH","KUNARMUNDA","Oct","Oct-Week 4",2,2,297.5,0,0,1,0,0
"916","SUNDARGARH","KUTRA","Sep","Sep-Week 1",7,6,439.714285714286,1,1,3,1,1
"917","SUNDARGARH","KUTRA","Sep","Sep-Week 2",4,3,413.75,2,1,1,2,0
"918","SUNDARGARH","KUTRA","Sep","Sep-Week 3",5,5,119.2,2,0,3,0,0
"919","SUNDARGARH","KUTRA","Sep","Sep-Week 4",8,7,78.375,0,0,0,1,0
"920","SUNDARGARH","KUTRA","Oct","Oct-Week 1",3,3,70.6666666666667,0,0,1,0,0
"921","SUNDARGARH","KUTRA","Oct","Oct-Week 2",1,1,47,0,0,0,0,0
"922","SUNDARGARH","KUTRA","Oct","Oct-Week 3",7,7,100.571428571429,2,0,1,2,0
"923","SUNDARGARH","LAHUNIPADA","Sep","Sep-Week 1",10,8,116.1,2,0,2,2,1
"924","SUNDARGARH","LAHUNIPADA","Sep","Sep-Week 2",1,1,112,0,0,1,0,0
"925","SUNDARGARH","LAHUNIPADA","Sep","Sep-Week 3",7,7,51.8571428571429,0,1,0,1,0
"926","SUNDARGARH","LAHUNIPADA","Sep","Sep-Week 4",11,7,59.1818181818182,0,0,1,1,0
"927","SUNDARGARH","LAHUNIPADA","Oct","Oct-Week 1",4,3,184.5,0,0,0,1,0
"928","SUNDARGARH","LAHUNIPADA","Oct","Oct-Week 2",3,3,38.3333333333333,1,0,0,1,0
"929","SUNDARGARH","LAHUNIPADA","Oct","Oct-Week 3",8,7,221.125,4,0,3,1,0
"930","SUNDARGARH","LAHUNIPADA","Oct","Oct-Week 4",1,1,198,1,0,1,0,0
"931","SUNDARGARH","LATHIKATA","Sep","Sep-Week 4",6,5,337.5,5,0,5,2,1
"932","SUNDARGARH","LATHIKATA","Oct","Oct-Week 1",8,4,96.5,1,1,4,1,0
"933","SUNDARGARH","LATHIKATA","Oct","Oct-Week 2",1,1,43,0,0,0,0,0
"934","SUNDARGARH","LATHIKATA","Oct","Oct-Week 3",7,7,133.285714285714,1,0,1,0,0
"935","SUNDARGARH","LEPHARIPARA","Sep","Sep-Week 4",5,5,229.6,0,0,2,1,0
"936","SUNDARGARH","LEPHARIPARA","Oct","Oct-Week 1",4,4,299,0,1,1,0,4
"937","SUNDARGARH","LEPHARIPARA","Oct","Oct-Week 3",7,5,10092.4285714286,2,0,3,1,1
"938","SUNDARGARH","LEPHARIPARA","Oct","Oct-Week 4",2,1,682.5,0,0,1,0,0
"939","SUNDARGARH","RAJGANGPUR","Sep","Sep-Week 1",7,4,302.857142857143,4,1,6,1,2
"940","SUNDARGARH","RAJGANGPUR","Sep","Sep-Week 2",3,3,267,3,0,3,1,0
"941","SUNDARGARH","RAJGANGPUR","Sep","Sep-Week 3",5,5,68.2,0,0,1,0,0
"942","SUNDARGARH","RAJGANGPUR","Sep","Sep-Week 4",5,5,164.6,0,0,0,1,0
"943","SUNDARGARH","RAJGANGPUR","Oct","Oct-Week 1",4,4,80.25,1,0,0,1,0
"944","SUNDARGARH","RAJGANGPUR","Oct","Oct-Week 2",1,1,94,0,0,0,0,0
"945","SUNDARGARH","RAJGANGPUR","Oct","Oct-Week 3",4,4,35.75,0,0,1,0,0
"946","SUNDARGARH","SABADERA","Sep","Sep-Week 1",5,4,383.6,3,0,3,2,0
"947","SUNDARGARH","SABADERA","Sep","Sep-Week 2",2,2,398,0,0,0,3,0
"948","SUNDARGARH","SABADERA","Sep","Sep-Week 3",3,3,107.666666666667,0,0,0,2,0
"949","SUNDARGARH","SABADERA","Sep","Sep-Week 4",6,5,166.833333333333,2,0,3,2,0
"950","SUNDARGARH","SABADERA","Oct","Oct-Week 1",5,4,336.4,0,0,0,6,0
"951","SUNDARGARH","SABADERA","Oct","Oct-Week 2",2,2,328,0,0,0,2,0
"952","SUNDARGARH","SABADERA","Oct","Oct-Week 3",3,2,457.333333333333,0,0,2,0,0
