"","district","block","month","month_week","Total_outbound_calls","Total_pushcalls","Pickup_rate","Listening_rate","Listening_rate_100_"
"1","BALANGIR","AGALPUR","May","May-Week 3",6,0,0,0,0
"2","BALANGIR","AGALPUR","May","May-Week 4",7,7,71.4285714285714,58.5294117647059,40
"3","BALANGIR","AGALPUR","Jun","Jun-Week 1",6,6,83.3333333333333,95.8139534883721,80
"4","BALANGIR","AGALPUR","Jun","Jun-Week 2",6,6,50,95.2380952380952,66.6666666666667
"5","BALANGIR","AGALPUR","Jun","Jun-Week 3",5,5,100,100,100
"6","BALANGIR","AGALPUR","Jun","Jun-Week 4",12,12,81.8181818181818,85.3968253968254,77.7777777777778
"7","BALANGIR","AGALPUR","Jul","Jul-Week 1",6,6,100,84.1991341991342,50
"8","BALANGIR","AGALPUR","Jul","Jul-Week 2",6,6,83.3333333333333,96.9047619047619,80
"9","BALANGIR","AGALPUR","Jul","Jul-Week 3",6,6,83.3333333333333,82.5641025641026,60
"10","BALANGIR","AGALPUR","Jul","Jul-Week 4",9,9,85.7142857142857,65.5448717948718,16.6666666666667
"11","BALANGIR","AGALPUR","Aug","Aug-Week 1",14,14,33.3333333333333,54.8543689320388,0
"12","BALANGIR","AGALPUR","Aug","Aug-Week 2",9,9,83.3333333333333,53.125,20
"13","BALANGIR","AGALPUR","Aug","Aug-Week 3",9,9,50,100,100
"14","BALANGIR","AGALPUR","Aug","Aug-Week 4",17,17,58.3333333333333,84.8779761904762,57.1428571428571
"15","BALANGIR","AGALPUR","Sep","Sep-Week 1",9,9,75,79.5677681992337,50
"16","BALANGIR","AGALPUR","Sep","Sep-Week 2",8,8,100,82.9745596868885,42.8571428571429
"17","BALANGIR","AGALPUR","Sep","Sep-Week 3",8,8,66.6666666666667,83.6805555555556,50
"18","BALANGIR","AGALPUR","Sep","Sep-Week 4",75,7,100,74.1388479790542,42.8571428571429
"19","BALANGIR","AGALPUR","Oct","Oct-Week 1",7,6,83.3333333333333,73.0434782608696,40
"20","BALANGIR","AGALPUR","Oct","Oct-Week 2",37,29,3.57142857142857,78.4810126582279,0
"21","BALANGIR","AGALPUR","Oct","Oct-Week 3",74,0,0,0,0
"22","BALANGIR","BANGAMUNDA","May","May-Week 3",175,0,0,0,0
"23","BALANGIR","BANGAMUNDA","May","May-Week 4",248,243,83.5365853658537,75.9338772005152,41.6058394160584
"24","BALANGIR","BANGAMUNDA","Jun","Jun-Week 1",164,164,58.5365853658537,81.8742719860221,44.7916666666667
"25","BALANGIR","BANGAMUNDA","Jun","Jun-Week 2",150,150,62.5,81.0499316005472,47.7777777777778
"26","BALANGIR","BANGAMUNDA","Jun","Jun-Week 3",28,28,70.8333333333333,78.5206390248407,35.2941176470588
"27","BALANGIR","BANGAMUNDA","Jun","Jun-Week 4",404,404,65.4605263157895,73.6061767805593,48.2412060301507
"28","BALANGIR","BANGAMUNDA","Jul","Jul-Week 1",169,168,63.4730538922156,80.3917544719431,42.4528301886792
"29","BALANGIR","BANGAMUNDA","Jul","Jul-Week 2",168,168,55.0898203592814,81.7287784679089,47.8260869565217
"30","BALANGIR","BANGAMUNDA","Jul","Jul-Week 3",175,175,53.2934131736527,73.4785364448286,40.4494382022472
"31","BALANGIR","BANGAMUNDA","Jul","Jul-Week 4",319,319,71.8181818181818,74.8430809016762,35.4430379746835
"32","BALANGIR","BANGAMUNDA","Aug","Aug-Week 1",276,276,84.4311377245509,74.3219395503606,36.8794326241135
"33","BALANGIR","BANGAMUNDA","Aug","Aug-Week 2",295,295,77.8443113772455,75.491452991453,33.0769230769231
"34","BALANGIR","BANGAMUNDA","Aug","Aug-Week 3",215,214,57.4850299401198,77.3817009198045,45.8333333333333
"35","BALANGIR","BANGAMUNDA","Aug","Aug-Week 4",457,453,68.8622754491018,77.6204710144928,47.8260869565217
"36","BALANGIR","BANGAMUNDA","Sep","Sep-Week 1",140,138,50.561797752809,85.6573275862069,68.8888888888889
"37","BALANGIR","BANGAMUNDA","Sep","Sep-Week 2",234,234,67.0520231213873,78.4554699504287,47.4137931034483
"38","BALANGIR","BANGAMUNDA","Sep","Sep-Week 3",29,29,58.6206896551724,87.6143790849673,58.8235294117647
"39","BALANGIR","BANGAMUNDA","Sep","Sep-Week 4",590,549,78.3699059561129,77.9916035275121,47.6
"40","BALANGIR","BANGAMUNDA","Oct","Oct-Week 1",169,167,49.7005988023952,84.3722716954776,59.0361445783133
"41","BALANGIR","BANGAMUNDA","Oct","Oct-Week 2",281,21,5.26315789473684,100,100
"42","BALANGIR","BANGAMUNDA","Oct","Oct-Week 3",316,0,0,0,0
"43","BALANGIR","BELAPADA","May","May-Week 3",232,0,0,0,0
"44","BALANGIR","BELAPADA","May","May-Week 4",346,344,71.6216216216216,74.9907510173881,41.5094339622642
"45","BALANGIR","BELAPADA","Jun","Jun-Week 1",225,224,55.2036199095023,73.3335640700039,31.9672131147541
"46","BALANGIR","BELAPADA","Jun","Jun-Week 2",200,200,59.0425531914894,71.2294031377479,36.036036036036
"47","BALANGIR","BELAPADA","Jun","Jun-Week 3",34,34,66.6666666666667,78.5490020183898,42.8571428571429
"48","BALANGIR","BELAPADA","Jun","Jun-Week 4",547,545,60.9022556390977,76.5031257365308,58.4362139917695
"49","BALANGIR","BELAPADA","Jul","Jul-Week 1",231,230,54.9107142857143,79.3897159750818,40.650406504065
"50","BALANGIR","BELAPADA","Jul","Jul-Week 2",226,226,51.7857142857143,72.3802312164381,36.2068965517241
"51","BALANGIR","BELAPADA","Jul","Jul-Week 3",241,240,40.1785714285714,79.1010378510378,47.7777777777778
"52","BALANGIR","BELAPADA","Jul","Jul-Week 4",500,500,61.9496855345912,70.4645362824502,30.4568527918782
"53","BALANGIR","BELAPADA","Aug","Aug-Week 1",419,419,77.2321428571429,71.536820626386,33.5260115606936
"54","BALANGIR","BELAPADA","Aug","Aug-Week 2",434,430,74.1071428571429,74.6904283801874,43.3734939759036
"55","BALANGIR","BELAPADA","Aug","Aug-Week 3",293,292,50.4464285714286,70.6349347666276,35.3982300884956
"56","BALANGIR","BELAPADA","Aug","Aug-Week 4",645,639,64.9553571428571,80.9146620847652,55.6701030927835
"57","BALANGIR","BELAPADA","Sep","Sep-Week 1",189,188,49.1071428571429,79.6032523510972,58.1818181818182
"58","BALANGIR","BELAPADA","Sep","Sep-Week 2",345,340,63.6363636363636,80.7367632929412,53.0612244897959
"59","BALANGIR","BELAPADA","Sep","Sep-Week 3",39,36,46.875,77.6559662007423,46.6666666666667
"60","BALANGIR","BELAPADA","Sep","Sep-Week 4",801,801,72.6436781609195,76.3969090289559,48.1012658227848
"61","BALANGIR","BELAPADA","Oct","Oct-Week 1",226,224,51.7857142857143,85.6071964017991,62.9310344827586
"62","BALANGIR","BELAPADA","Oct","Oct-Week 2",392,0,0,0,0
"63","BALANGIR","BELAPADA","Oct","Oct-Week 3",371,0,0,0,0
"64","BALANGIR","BELAPADA","Oct","Oct-Week 4",1,0,0,0,0
"65","BALANGIR","BELPADA","Sep","Sep-Week 4",59,0,0,0,0
"66","BALANGIR","BELPADA","Oct","Oct-Week 1",2,0,0,0,0
"67","BALANGIR","BELPADA","Oct","Oct-Week 2",24,24,4.34782608695652,24.0506329113924,0
"68","BALANGIR","BELPADA","Oct","Oct-Week 3",65,0,0,0,0
"69","BALANGIR","BOLANGIR","May","May-Week 3",2210,0,0,0,0
"70","BALANGIR","BOLANGIR","May","May-Week 4",3458,3440,74.6315319338991,78.1069510478347,46.7384799521245
"71","BALANGIR","BOLANGIR","Jun","Jun-Week 1",2174,2169,57.7681577681578,75.0704412695957,33.8884263114072
"72","BALANGIR","BOLANGIR","Jun","Jun-Week 2",1361,1353,57.318070318888,76.9265122364508,43.509272467903
"73","BALANGIR","BOLANGIR","Jun","Jun-Week 3",978,976,60.3557814485388,72.4976286871024,41.4736842105263
"74","BALANGIR","BOLANGIR","Jun","Jun-Week 4",4685,4682,68.0050188205772,75.8417390754967,56.8265682656827
"75","BALANGIR","BOLANGIR","Jul","Jul-Week 1",2242,2236,58.2895365504061,76.1329416615131,40
"76","BALANGIR","BOLANGIR","Jul","Jul-Week 2",2146,2144,55.6617295747731,76.2254381353094,44.206008583691
"77","BALANGIR","BOLANGIR","Jul","Jul-Week 3",2301,2297,48.6383182035356,78.4041699950344,49.803536345776
"78","BALANGIR","BOLANGIR","Jul","Jul-Week 4",4320,4317,63.633067440174,71.6287977867796,37.8347578347578
"79","BALANGIR","BOLANGIR","Aug","Aug-Week 1",3850,3850,77.3530817009078,71.0957739556846,37.183446571958
"80","BALANGIR","BOLANGIR","Aug","Aug-Week 2",3961,3961,73.2441471571906,70.2172573747916,37.573385518591
"81","BALANGIR","BOLANGIR","Aug","Aug-Week 3",2733,2731,53.03392259914,70.1081780256831,38.7387387387387
"82","BALANGIR","BOLANGIR","Aug","Aug-Week 4",6135,6131,62.5656951743908,81.2938621611302,55.7082856051928
"83","BALANGIR","BOLANGIR","Sep","Sep-Week 1",2412,2400,50.7228158390949,80.7006135253315,57.1251548946716
"84","BALANGIR","BOLANGIR","Sep","Sep-Week 2",3293,3283,57.742214532872,79.1082474257202,52.5093632958801
"85","BALANGIR","BOLANGIR","Sep","Sep-Week 3",1240,1240,49.1862567811935,80.562704248366,57.3529411764706
"86","BALANGIR","BOLANGIR","Sep","Sep-Week 4",6539,6532,70.7662409772349,76.6702729592765,49.0780698313064
"87","BALANGIR","BOLANGIR","Oct","Oct-Week 1",2096,2093,42.7138079311992,81.3263949680641,57.8299776286353
"88","BALANGIR","BOLANGIR","Oct","Oct-Week 2",3925,0,0,0,0
"89","BALANGIR","BOLANGIR","Oct","Oct-Week 3",3893,0,0,0,0
"90","BALANGIR","BOLANGIR","Oct","Oct-Week 4",6,0,0,0,0
"91","BALANGIR","BOLANGIR_MPL","May","May-Week 3",20,0,0,0,0
"92","BALANGIR","BOLANGIR_MPL","May","May-Week 4",37,37,69.2307692307692,77.4081084579046,38.8888888888889
"93","BALANGIR","BOLANGIR_MPL","Jun","Jun-Week 1",21,21,65,67.7239235551462,30.7692307692308
"94","BALANGIR","BOLANGIR_MPL","Jun","Jun-Week 2",11,11,62.5,65.7980401462911,20
"95","BALANGIR","BOLANGIR_MPL","Jun","Jun-Week 3",16,16,66.6666666666667,89.6978021978022,50
"96","BALANGIR","BOLANGIR_MPL","Jun","Jun-Week 4",39,39,72,72.7229071563281,50
"97","BALANGIR","BOLANGIR_MPL","Jul","Jul-Week 1",24,24,70,73.5923005565863,28.5714285714286
"98","BALANGIR","BOLANGIR_MPL","Jul","Jul-Week 2",20,20,50,71.6666666666667,50
"99","BALANGIR","BOLANGIR_MPL","Jul","Jul-Week 3",20,20,60,71.5598290598291,33.3333333333333
"100","BALANGIR","BOLANGIR_MPL","Jul","Jul-Week 4",41,41,58.3333333333333,73.8324175824176,35.7142857142857
"101","BALANGIR","BOLANGIR_MPL","Aug","Aug-Week 1",36,36,80,66.5948510963238,25
"102","BALANGIR","BOLANGIR_MPL","Aug","Aug-Week 2",47,47,75,66.8287037037037,26.6666666666667
"103","BALANGIR","BOLANGIR_MPL","Aug","Aug-Week 3",35,35,45,87.2488901663952,55.5555555555556
"104","BALANGIR","BOLANGIR_MPL","Aug","Aug-Week 4",69,69,57.5,81.1766304347826,43.4782608695652
"105","BALANGIR","BOLANGIR_MPL","Sep","Sep-Week 1",26,26,53.8461538461538,71.5286330049261,42.8571428571429
"106","BALANGIR","BOLANGIR_MPL","Sep","Sep-Week 2",31,31,70,81.3089052342713,57.1428571428571
"107","BALANGIR","BOLANGIR_MPL","Sep","Sep-Week 3",16,16,55.5555555555556,60.2777777777778,20
"108","BALANGIR","BOLANGIR_MPL","Sep","Sep-Week 4",65,65,60.6060606060606,73.034793814433,50
"109","BALANGIR","BOLANGIR_MPL","Oct","Oct-Week 1",20,20,55,63.768115942029,36.3636363636364
"110","BALANGIR","BOLANGIR_MPL","Oct","Oct-Week 2",43,0,0,0,0
"111","BALANGIR","BOLANGIR_MPL","Oct","Oct-Week 3",34,0,0,0,0
"112","BALANGIR","BOLANGIR_NAC","May","May-Week 3",1,0,0,0,0
"113","BALANGIR","BOLANGIR_NAC","May","May-Week 4",4,4,0,0,0
"114","BALANGIR","BOLANGIR_NAC","Jun","Jun-Week 1",1,1,0,0,0
"115","BALANGIR","BOLANGIR_NAC","Jun","Jun-Week 4",1,1,0,0,0
"116","BALANGIR","BOLANGIR_NAC","Jul","Jul-Week 1",1,1,0,0,0
"117","BALANGIR","BOLANGIR_NAC","Jul","Jul-Week 2",1,1,0,0,0
"118","BALANGIR","BOLANGIR_NAC","Jul","Jul-Week 3",1,1,0,0,0
"119","BALANGIR","BOLANGIR_NAC","Jul","Jul-Week 4",1,1,0,0,0
"120","BALANGIR","BOLANGIR_NAC","Aug","Aug-Week 1",3,3,0,0,0
"121","BALANGIR","BOLANGIR_NAC","Aug","Aug-Week 2",3,3,0,0,0
"122","BALANGIR","BOLANGIR_NAC","Aug","Aug-Week 3",1,1,0,0,0
"123","BALANGIR","BOLANGIR_NAC","Aug","Aug-Week 4",4,4,0,0,0
"124","BALANGIR","BOLANGIR_NAC","Sep","Sep-Week 1",2,2,0,0,0
"125","BALANGIR","BOLANGIR_NAC","Sep","Sep-Week 2",3,3,0,0,0
"126","BALANGIR","BOLANGIR_NAC","Sep","Sep-Week 4",6,6,0,0,0
"127","BALANGIR","BOLANGIR_NAC","Oct","Oct-Week 1",1,1,0,0,0
"128","BALANGIR","BOLANGIR_NAC","Oct","Oct-Week 2",2,0,0,0,0
"129","BALANGIR","BOLANGIR_NAC","Oct","Oct-Week 3",3,0,0,0,0
"130","BALANGIR","DANGARPADA","May","May-Week 3",1,0,0,0,0
"131","BALANGIR","DANGARPADA","May","May-Week 4",1,1,0,0,0
"132","BALANGIR","DANGARPADA","Jun","Jun-Week 1",1,1,100,77.9411764705882,0
"133","BALANGIR","DANGARPADA","Jun","Jun-Week 2",2,2,0,0,0
"134","BALANGIR","DANGARPADA","Jun","Jun-Week 3",2,2,100,53.8461538461538,0
"135","BALANGIR","DANGARPADA","Jun","Jun-Week 4",2,2,100,100,100
"136","BALANGIR","DANGARPADA","Jul","Jul-Week 1",1,1,0,0,0
"137","BALANGIR","DANGARPADA","Jul","Jul-Week 2",1,1,0,0,0
"138","BALANGIR","DANGARPADA","Jul","Jul-Week 3",3,3,100,100,100
"139","BALANGIR","DANGARPADA","Jul","Jul-Week 4",1,1,100,70.9677419354839,0
"140","BALANGIR","DANGARPADA","Aug","Aug-Week 1",3,3,0,0,0
"141","BALANGIR","DANGARPADA","Aug","Aug-Week 2",3,3,100,15.2777777777778,0
"142","BALANGIR","DANGARPADA","Aug","Aug-Week 3",2,2,100,14.0845070422535,0
"143","BALANGIR","DANGARPADA","Aug","Aug-Week 4",3,3,100,88,50
"144","BALANGIR","DANGARPADA","Sep","Sep-Week 1",1,1,100,24.1379310344828,0
"145","BALANGIR","DANGARPADA","Sep","Sep-Week 2",1,1,0,0,0
"146","BALANGIR","DANGARPADA","Sep","Sep-Week 3",1,1,100,8.33333333333333,0
"147","BALANGIR","DANGARPADA","Sep","Sep-Week 4",1,1,100,25.7731958762887,0
"148","BALANGIR","DANGARPADA","Oct","Oct-Week 1",1,1,0,0,0
"149","BALANGIR","DANGARPADA","Oct","Oct-Week 2",1,0,0,0,0
"150","BALANGIR","DANGARPADA","Oct","Oct-Week 3",2,0,0,0,0
"151","BALANGIR","DEOGAM","May","May-Week 3",221,0,0,0,0
"152","BALANGIR","DEOGAM","May","May-Week 4",301,299,77.2277227722772,75.7737481892986,45.5128205128205
"153","BALANGIR","DEOGAM","Jun","Jun-Week 1",204,204,57.5,70.9773289527846,29.5652173913043
"154","BALANGIR","DEOGAM","Jun","Jun-Week 2",193,193,62.6373626373626,77.2826082697461,46.4912280701754
"155","BALANGIR","DEOGAM","Jun","Jun-Week 3",36,36,84,81.7515137923301,52.3809523809524
"156","BALANGIR","DEOGAM","Jun","Jun-Week 4",565,561,64.8,74.6117219324469,53.0864197530864
"157","BALANGIR","DEOGAM","Jul","Jul-Week 1",207,206,55.8823529411765,77.0146641857168,43.859649122807
"158","BALANGIR","DEOGAM","Jul","Jul-Week 2",206,206,57.843137254902,75.594320933304,43.2203389830509
"159","BALANGIR","DEOGAM","Jul","Jul-Week 3",221,221,36.2745098039216,76.996534996535,47.2972972972973
"160","BALANGIR","DEOGAM","Jul","Jul-Week 4",484,484,55.8219178082192,74.9342228785134,37.4233128834356
"161","BALANGIR","DEOGAM","Aug","Aug-Week 1",394,392,73.0392156862745,66.4507867804197,32.2147651006711
"162","BALANGIR","DEOGAM","Aug","Aug-Week 2",415,415,65.6862745098039,69.6698797678275,34.3283582089552
"163","BALANGIR","DEOGAM","Aug","Aug-Week 3",269,269,46.078431372549,71.9254738155376,39.3617021276596
"164","BALANGIR","DEOGAM","Aug","Aug-Week 4",599,597,58.3333333333333,81.5184698879552,55.4621848739496
"165","BALANGIR","DEOGAM","Sep","Sep-Week 1",203,203,48,77.3204022988506,55
"166","BALANGIR","DEOGAM","Sep","Sep-Week 2",318,317,58.3732057416268,78.3645792194853,50.8196721311475
"167","BALANGIR","DEOGAM","Sep","Sep-Week 3",38,38,45.4545454545455,71.9074074074074,33.3333333333333
"168","BALANGIR","DEOGAM","Sep","Sep-Week 4",723,723,72.8900255754476,75.7343803380157,52.280701754386
"169","BALANGIR","DEOGAM","Oct","Oct-Week 1",204,204,47.5490196078431,83.2511579261915,62.8865979381443
"170","BALANGIR","DEOGAM","Oct","Oct-Week 2",269,0,0,0,0
"171","BALANGIR","DEOGAM","Oct","Oct-Week 3",386,0,0,0,0
"172","BALANGIR","GUDVELLA","May","May-Week 3",1,0,0,0,0
"173","BALANGIR","GUDVELLA","May","May-Week 4",4,4,0,0,0
"174","BALANGIR","GUDVELLA","Jun","Jun-Week 1",1,1,0,0,0
"175","BALANGIR","GUDVELLA","Jun","Jun-Week 2",1,1,0,0,0
"176","BALANGIR","GUDVELLA","Jun","Jun-Week 3",2,2,50,100,100
"177","BALANGIR","GUDVELLA","Jun","Jun-Week 4",6,6,33.3333333333333,35.1063829787234,0
"178","BALANGIR","GUDVELLA","Jul","Jul-Week 1",2,2,50,14.2857142857143,0
"179","BALANGIR","GUDVELLA","Jul","Jul-Week 2",2,2,50,100,100
"180","BALANGIR","GUDVELLA","Jul","Jul-Week 3",2,2,50,100,100
"181","BALANGIR","GUDVELLA","Jul","Jul-Week 4",7,7,33.3333333333333,48.0769230769231,0
"182","BALANGIR","GUDVELLA","Aug","Aug-Week 1",4,4,50,14.5631067961165,0
"183","BALANGIR","GUDVELLA","Aug","Aug-Week 2",5,5,50,100,100
"184","BALANGIR","GUDVELLA","Aug","Aug-Week 3",4,4,50,100,100
"185","BALANGIR","GUDVELLA","Aug","Aug-Week 4",8,8,50,53.125,50
"186","BALANGIR","GUDVELLA","Sep","Sep-Week 1",4,4,33.3333333333333,100,100
"187","BALANGIR","GUDVELLA","Sep","Sep-Week 2",4,4,33.3333333333333,5.47945205479452,0
"188","BALANGIR","GUDVELLA","Sep","Sep-Week 3",4,4,0,0,0
"189","BALANGIR","GUDVELLA","Sep","Sep-Week 4",8,8,33.3333333333333,94.8453608247423,0
"190","BALANGIR","GUDVELLA","Oct","Oct-Week 1",2,2,0,0,0
"191","BALANGIR","GUDVELLA","Oct","Oct-Week 2",1,0,0,0,0
"192","BALANGIR","GUDVELLA","Oct","Oct-Week 3",4,0,0,0,0
"193","BALANGIR","KANTABANJI NAC","May","May-Week 3",2,0,0,0,0
"194","BALANGIR","KANTABANJI NAC","May","May-Week 4",1,1,100,38.2352941176471,0
"195","BALANGIR","KANTABANJI NAC","Jun","Jun-Week 1",1,1,0,0,0
"196","BALANGIR","KANTABANJI NAC","Jun","Jun-Week 2",1,1,0,0,0
"197","BALANGIR","KANTABANJI NAC","Jun","Jun-Week 4",2,2,100,87.1428571428571,50
"198","BALANGIR","KANTABANJI NAC","Jul","Jul-Week 1",1,1,0,0,0
"199","BALANGIR","KANTABANJI NAC","Jul","Jul-Week 2",1,1,0,0,0
"200","BALANGIR","KANTABANJI NAC","Jul","Jul-Week 3",1,1,0,0,0
"201","BALANGIR","KANTABANJI NAC","Jul","Jul-Week 4",1,1,100,46.1538461538462,0
"202","BALANGIR","KANTABANJI NAC","Aug","Aug-Week 1",1,1,100,100,100
"203","BALANGIR","KANTABANJI NAC","Aug","Aug-Week 2",1,1,100,7.29166666666667,0
"204","BALANGIR","KANTABANJI NAC","Aug","Aug-Week 3",1,1,0,0,0
"205","BALANGIR","KANTABANJI NAC","Aug","Aug-Week 4",4,4,0,0,0
"206","BALANGIR","KANTABANJI NAC","Sep","Sep-Week 1",1,1,100,100,100
"207","BALANGIR","KANTABANJI NAC","Sep","Sep-Week 2",1,1,100,100,100
"208","BALANGIR","KANTABANJI NAC","Sep","Sep-Week 4",6,6,0,0,0
"209","BALANGIR","KANTABANJI NAC","Oct","Oct-Week 1",1,1,0,0,0
"210","BALANGIR","KANTABANJI NAC","Oct","Oct-Week 2",1,0,0,0,0
"211","BALANGIR","KANTABANJI NAC","Oct","Oct-Week 3",3,0,0,0,0
"212","BALANGIR","KHAPARAKHOL","Aug","Aug-Week 4",2,0,0,0,0
"213","BALANGIR","KHAPARAKHOL","Sep","Sep-Week 2",37,37,51.6129032258064,77.5,37.5
"214","BALANGIR","KHAPARAKHOL","Sep","Sep-Week 3",46,46,74.1935483870968,73.0833410586818,43.4782608695652
"215","BALANGIR","KHAPARAKHOL","Sep","Sep-Week 4",63,55,77.4193548387097,80.4216867469879,50
"216","BALANGIR","KHAPARAKHOL","Oct","Oct-Week 1",4,0,0,0,0
"217","BALANGIR","KHAPARAKHOL","Oct","Oct-Week 2",63,63,74.2857142857143,74.2940603700097,38.4615384615385
"218","BALANGIR","KHAPARAKHOL","Oct","Oct-Week 3",57,0,0,0,0
"219","BALANGIR","KHAPRAKHOL","May","May-Week 3",154,0,0,0,0
"220","BALANGIR","KHAPRAKHOL","May","May-Week 4",230,229,73.1543624161074,77.2396114409066,45.8715596330275
"221","BALANGIR","KHAPRAKHOL","Jun","Jun-Week 1",149,149,59.1836734693878,68.4895039105307,28.735632183908
"222","BALANGIR","KHAPRAKHOL","Jun","Jun-Week 2",146,146,61.0687022900763,74.7471401351238,36.25
"223","BALANGIR","KHAPRAKHOL","Jun","Jun-Week 3",49,49,80,78.5779696493982,41.6666666666667
"224","BALANGIR","KHAPRAKHOL","Jun","Jun-Week 4",371,371,66.542750929368,73.5644312602658,52.5139664804469
"225","BALANGIR","KHAPRAKHOL","Jul","Jul-Week 1",153,152,54.421768707483,79.3860930735931,48.75
"226","BALANGIR","KHAPRAKHOL","Jul","Jul-Week 2",151,151,53.0612244897959,78.3641658641659,50
"227","BALANGIR","KHAPRAKHOL","Jul","Jul-Week 3",167,167,40.8163265306122,75.9287545787546,50
"228","BALANGIR","KHAPRAKHOL","Jul","Jul-Week 4",347,347,61.9047619047619,69.0216008144048,31.5384615384615
"229","BALANGIR","KHAPRAKHOL","Aug","Aug-Week 1",279,279,76.8707482993197,73.4789370491113,34.5132743362832
"230","BALANGIR","KHAPRAKHOL","Aug","Aug-Week 2",274,274,70.0680272108844,76.9889428263215,38.8349514563107
"231","BALANGIR","KHAPRAKHOL","Aug","Aug-Week 3",210,210,41.4965986394558,70.3546807778757,40.9836065573771
"232","BALANGIR","KHAPRAKHOL","Aug","Aug-Week 4",405,405,63.9455782312925,76.6958111702128,52.1276595744681
"233","BALANGIR","KHAPRAKHOL","Sep","Sep-Week 1",131,131,49.3975903614458,81.5452410989627,53.6585365853659
"234","BALANGIR","KHAPRAKHOL","Sep","Sep-Week 2",230,230,57.2368421052632,77.296181070227,41.3793103448276
"235","BALANGIR","KHAPRAKHOL","Sep","Sep-Week 3",36,36,50,82.8858024691358,61.1111111111111
"236","BALANGIR","KHAPRAKHOL","Sep","Sep-Week 4",531,531,67.7536231884058,77.1794200341805,46.524064171123
"237","BALANGIR","KHAPRAKHOL","Oct","Oct-Week 1",149,147,48.9795918367347,85.1650563607085,61.1111111111111
"238","BALANGIR","KHAPRAKHOL","Oct","Oct-Week 2",133,0,0,0,0
"239","BALANGIR","KHAPRAKHOL","Oct","Oct-Week 3",262,0,0,0,0
"240","BALANGIR","KUINTAL","May","May-Week 3",1,0,0,0,0
"241","BALANGIR","KUINTAL","May","May-Week 4",4,4,0,0,0
"242","BALANGIR","KUINTAL","Jun","Jun-Week 1",1,1,100,100,100
"243","BALANGIR","KUINTAL","Jun","Jun-Week 2",1,1,100,22.0588235294118,0
"244","BALANGIR","KUINTAL","Jun","Jun-Week 3",1,1,100,81.3186813186813,0
"245","BALANGIR","KUINTAL","Jun","Jun-Week 4",3,3,100,65.7142857142857,50
"246","BALANGIR","KUINTAL","Jul","Jul-Week 1",1,1,0,0,0
"247","BALANGIR","KUINTAL","Jul","Jul-Week 2",1,1,100,100,100
"248","BALANGIR","KUINTAL","Jul","Jul-Week 3",1,1,100,100,100
"249","BALANGIR","KUINTAL","Jul","Jul-Week 4",1,1,100,100,100
"250","BALANGIR","KUINTAL","Aug","Aug-Week 1",2,2,100,100,100
"251","BALANGIR","KUINTAL","Aug","Aug-Week 2",3,3,100,75,0
"252","BALANGIR","KUINTAL","Aug","Aug-Week 3",1,1,100,100,100
"253","BALANGIR","KUINTAL","Aug","Aug-Week 4",4,4,50,34.6666666666667,0
"254","BALANGIR","KUINTAL","Sep","Sep-Week 1",2,2,0,0,0
"255","BALANGIR","KUINTAL","Sep","Sep-Week 2",1,1,0,0,0
"256","BALANGIR","KUINTAL","Sep","Sep-Week 3",1,1,100,100,100
"257","BALANGIR","KUINTAL","Sep","Sep-Week 4",3,3,0,0,0
"258","BALANGIR","KUINTAL","Oct","Oct-Week 1",1,1,0,0,0
"259","BALANGIR","KUINTAL","Oct","Oct-Week 2",3,0,0,0,0
"260","BALANGIR","KUINTAL","Oct","Oct-Week 3",3,0,0,0,0
"261","BALANGIR","LUISINGA","May","May-Week 3",1351,0,0,0,0
"262","BALANGIR","LUISINGA","May","May-Week 4",3039,3031,68.5798072894847,75.1914361007411,34.7587049480757
"263","BALANGIR","LUISINGA","Jun","Jun-Week 1",2147,2142,76.1467889908257,76.5853228228967,39.2680514342235
"264","BALANGIR","LUISINGA","Jun","Jun-Week 2",1029,1028,62.400906002265,74.1679478137823,32.486388384755
"265","BALANGIR","LUISINGA","Jun","Jun-Week 3",1884,1882,65.0294695481336,74.2625537316949,54.9848942598187
"266","BALANGIR","LUISINGA","Jun","Jun-Week 4",1976,1970,63.9894667544437,75.0650693256567,43.0041152263374
"267","BALANGIR","LUISINGA","Jul","Jul-Week 1",2258,2256,73.2575757575758,78.6237864183483,44.1087613293051
"268","BALANGIR","LUISINGA","Jul","Jul-Week 2",1609,1604,58.1818181818182,75.4651097424535,42.96875
"269","BALANGIR","LUISINGA","Jul","Jul-Week 3",1689,1687,51.969696969697,77.3974732750243,49.2711370262391
"270","BALANGIR","LUISINGA","Jul","Jul-Week 4",2539,2537,70.4802259887006,71.5640544944314,33.7675350701403
"271","BALANGIR","LUISINGA","Aug","Aug-Week 1",2482,2476,73.2575757575758,72.75691808067,37.2285418821096
"272","BALANGIR","LUISINGA","Aug","Aug-Week 2",2504,2503,74.5454545454545,71.1442101400181,36.1788617886179
"273","BALANGIR","LUISINGA","Aug","Aug-Week 3",2413,2410,69.6212121212121,72.0836287740433,39.0642002176279
"274","BALANGIR","LUISINGA","Aug","Aug-Week 4",4742,4734,71.4772727272727,80.5847685921215,56.3328033916269
"275","BALANGIR","LUISINGA","Sep","Sep-Week 1",2249,2243,70.935960591133,79.5177344415177,49.3055555555556
"276","BALANGIR","LUISINGA","Sep","Sep-Week 2",2378,2378,69.7129909365559,78.1902611970407,52.9794149512459
"277","BALANGIR","LUISINGA","Sep","Sep-Week 3",2051,2050,72.7758007117438,82.1057457212714,59.4132029339853
"278","BALANGIR","LUISINGA","Sep","Sep-Week 4",2859,2856,73.146944083225,74.4351864579356,45.3333333333333
"279","BALANGIR","LUISINGA","Oct","Oct-Week 1",1322,1320,48.5606060606061,81.9778878111646,58.5023400936037
"280","BALANGIR","LUISINGA","Oct","Oct-Week 2",905,0,0,0,0
"281","BALANGIR","LUISINGA","Oct","Oct-Week 3",2431,0,0,0,0
"282","BALANGIR","MURIBAHAL","May","May-Week 3",1072,0,0,0,0
"283","BALANGIR","MURIBAHAL","May","May-Week 4",1646,1645,70.7509881422925,74.4308679553463,41.6201117318436
"284","BALANGIR","MURIBAHAL","Jun","Jun-Week 1",1021,1011,55.1040634291378,73.2019498107139,31.294964028777
"285","BALANGIR","MURIBAHAL","Jun","Jun-Week 2",1026,1024,47.1324296141814,76.1195113978911,43.5840707964602
"286","BALANGIR","MURIBAHAL","Jun","Jun-Week 3",899,894,57.3529411764706,71.0377504058823,31.4102564102564
"287","BALANGIR","MURIBAHAL","Jun","Jun-Week 4",2832,2813,63.1815907953977,75.0033186051387,52.9691211401425
"288","BALANGIR","MURIBAHAL","Jul","Jul-Week 1",1039,1036,54.1910331384016,76.3265361736585,39.568345323741
"289","BALANGIR","MURIBAHAL","Jul","Jul-Week 2",1036,1034,51.9493177387914,75.8394319369929,43.1519699812383
"290","BALANGIR","MURIBAHAL","Jul","Jul-Week 3",1146,1144,49.0253411306043,74.6460868488702,44.5328031809145
"291","BALANGIR","MURIBAHAL","Jul","Jul-Week 4",2245,2240,60.4483007953724,73.3648355040545,36.7224880382775
"292","BALANGIR","MURIBAHAL","Aug","Aug-Week 1",1938,1935,74.2690058479532,70.4580678097031,33.0708661417323
"293","BALANGIR","MURIBAHAL","Aug","Aug-Week 2",1936,1928,73.9766081871345,72.1247804128239,35.4413702239789
"294","BALANGIR","MURIBAHAL","Aug","Aug-Week 3",1346,1344,46.2962962962963,73.2430069136624,39.3684210526316
"295","BALANGIR","MURIBAHAL","Aug","Aug-Week 4",2991,2977,60.1364522417154,78.7401573473798,51.8638573743922
"296","BALANGIR","MURIBAHAL","Sep","Sep-Week 1",1728,1726,45.906432748538,78.2940449062889,49.203821656051
"297","BALANGIR","MURIBAHAL","Sep","Sep-Week 2",1594,1591,47.8490566037736,76.7930681822133,48.4227129337539
"298","BALANGIR","MURIBAHAL","Sep","Sep-Week 3",929,926,42.9805615550756,81.7245951982133,59.5477386934673
"299","BALANGIR","MURIBAHAL","Sep","Sep-Week 4",3050,3038,63.6638452237001,76.338533660985,45.3941120607787
"300","BALANGIR","MURIBAHAL","Oct","Oct-Week 1",1082,1026,46.0038986354776,82.5104396954065,58.2627118644068
"301","BALANGIR","MURIBAHAL","Oct","Oct-Week 2",1037,45,87.0967741935484,80.7782466010314,55.5555555555556
"302","BALANGIR","MURIBAHAL","Oct","Oct-Week 3",1829,0,0,0,0
"303","BALANGIR","MURIBAHAL","Oct","Oct-Week 4",2,0,0,0,0
"304","BALANGIR","PATNAGARH","May","May-Week 3",1516,0,0,0,0
"305","BALANGIR","PATNAGARH","May","May-Week 4",3444,3440,64.7688192586932,76.1351863973487,37.8171091445428
"306","BALANGIR","PATNAGARH","Jun","Jun-Week 1",2246,2240,72.3374827109267,76.5381913130012,36.6981132075472
"307","BALANGIR","PATNAGARH","Jun","Jun-Week 2",1237,1233,59.2067988668555,74.0151928648992,35.8851674641148
"308","BALANGIR","PATNAGARH","Jun","Jun-Week 3",2018,2011,62.7892432770482,73.9989961660423,54.8804780876494
"309","BALANGIR","PATNAGARH","Jun","Jun-Week 4",2235,2229,64.0542133176193,74.772304892329,41.8583256669733
"310","BALANGIR","PATNAGARH","Jul","Jul-Week 1",2300,2300,70.3956343792633,77.4995451857916,43.170964660936
"311","BALANGIR","PATNAGARH","Jul","Jul-Week 2",1779,1777,59.2769440654843,74.1765662364051,41.1967779056387
"312","BALANGIR","PATNAGARH","Jul","Jul-Week 3",1872,1866,57.912687585266,78.3702481264319,52.1790341578327
"313","BALANGIR","PATNAGARH","Jul","Jul-Week 4",2737,2726,72.424824056302,72.9994801211175,35.4240282685512
"314","BALANGIR","PATNAGARH","Aug","Aug-Week 1",2639,2635,77.012278308322,71.6908659638401,34.1895482728078
"315","BALANGIR","PATNAGARH","Aug","Aug-Week 2",2786,2778,73.6016371077763,69.339859437751,35.4958294717331
"316","BALANGIR","PATNAGARH","Aug","Aug-Week 3",2703,2702,66.5757162346521,70.8566975624237,37.3975409836066
"317","BALANGIR","PATNAGARH","Aug","Aug-Week 4",5300,5289,70.4297407912688,80.8029257465698,55.3510895883777
"318","BALANGIR","PATNAGARH","Sep","Sep-Week 1",2480,2472,70.8179808400884,78.0422467616348,49.3236212278876
"319","BALANGIR","PATNAGARH","Sep","Sep-Week 2",2728,2726,69.2105263157895,78.8015156868375,52.9467680608365
"320","BALANGIR","PATNAGARH","Sep","Sep-Week 3",2385,2380,69.7819314641744,79.4386433055809,53.6830357142857
"321","BALANGIR","PATNAGARH","Sep","Sep-Week 4",3431,3414,71.1136235161108,74.693854472079,44.2766295707472
"322","BALANGIR","PATNAGARH","Oct","Oct-Week 1",1475,1466,47.4761255115962,80.2473763118441,52.2988505747126
"323","BALANGIR","PATNAGARH","Oct","Oct-Week 2",1145,66,83.3333333333333,86.9620253164557,66.6666666666667
"324","BALANGIR","PATNAGARH","Oct","Oct-Week 3",2727,0,0,0,0
"325","BALANGIR","PATNAGARH","Oct","Oct-Week 4",4,0,0,0,0
"326","BALANGIR","PUINTALA","May","May-Week 3",1327,0,0,0,0
"327","BALANGIR","PUINTALA","May","May-Week 4",2941,2929,69.9913269731136,75.2090852535942,37.1127633209418
"328","BALANGIR","PUINTALA","Jun","Jun-Week 1",1922,1915,78.0564263322884,77.4309819345469,41.8073485600794
"329","BALANGIR","PUINTALA","Jun","Jun-Week 2",1108,1108,65.4320987654321,71.3154654645468,32.7044025157233
"330","BALANGIR","PUINTALA","Jun","Jun-Week 3",1690,1685,67.8127286027798,74.9230057967922,57.2815533980583
"331","BALANGIR","PUINTALA","Jun","Jun-Week 4",1983,1980,67.1532846715328,74.6126780985786,42.9841897233202
"332","BALANGIR","PUINTALA","Jul","Jul-Week 1",2090,2085,75.5384615384615,79.9300838328894,47.1943887775551
"333","BALANGIR","PUINTALA","Jul","Jul-Week 2",1548,1547,63.2307692307692,77.1887811121388,44.8905109489051
"334","BALANGIR","PUINTALA","Jul","Jul-Week 3",1606,1601,57.6153846153846,76.3745457924363,46.1949265687583
"335","BALANGIR","PUINTALA","Jul","Jul-Week 4",2396,2395,73.5821966977746,74.6933063003087,38.1463414634146
"336","BALANGIR","PUINTALA","Aug","Aug-Week 1",2330,2327,77.6153846153846,72.7895109607511,36.6699702675917
"337","BALANGIR","PUINTALA","Aug","Aug-Week 2",2472,2469,75.5384615384615,71.2887531115637,38.6965376782077
"338","BALANGIR","PUINTALA","Aug","Aug-Week 3",2331,2328,68.6153846153846,71.0717862588729,38.4529147982063
"339","BALANGIR","PUINTALA","Aug","Aug-Week 4",4520,4517,74.1923076923077,81.0514947295663,56.6614826334889
"340","BALANGIR","PUINTALA","Sep","Sep-Week 1",2212,2208,69.4374475230898,78.6753898594838,50.3022974607013
"341","BALANGIR","PUINTALA","Sep","Sep-Week 2",2355,2348,69.7318007662835,77.7017204178281,51.4285714285714
"342","BALANGIR","PUINTALA","Sep","Sep-Week 3",1992,1984,74.7930082796688,81.9287276206095,57.8105781057811
"343","BALANGIR","PUINTALA","Sep","Sep-Week 4",2820,2818,73.8250652741514,74.4204866903054,44.6507515473033
"344","BALANGIR","PUINTALA","Oct","Oct-Week 1",1301,1300,50.6153846153846,81.6814237258271,57.5987841945289
"345","BALANGIR","PUINTALA","Oct","Oct-Week 2",1308,2,100,37.9746835443038,0
"346","BALANGIR","PUINTALA","Oct","Oct-Week 3",2290,0,0,0,0
"347","BALANGIR","PUINTALA","Oct","Oct-Week 4",17,0,0,0,0
"348","BALANGIR","RAJBORASAMBAR","Oct","Oct-Week 1",2,0,0,0,0
"349","BALANGIR","RAJBORASAMBAR","Oct","Oct-Week 2",1,1,87.3626373626374,78.4810126582279,0
"350","BALANGIR","RAJBORASAMBAR","Oct","Oct-Week 3",1,0,0,0,0
"351","BALANGIR","SAINTALA","May","May-Week 3",981,0,0,0,0
"352","BALANGIR","SAINTALA","May","May-Week 4",2327,2315,69.164265129683,74.9128324597166,36.5
"353","BALANGIR","SAINTALA","Jun","Jun-Week 1",1429,1428,76.6137566137566,75.9764880345096,38.7533875338753
"354","BALANGIR","SAINTALA","Jun","Jun-Week 2",853,852,64.5205479452055,74.1143941140145,35.244161358811
"355","BALANGIR","SAINTALA","Jun","Jun-Week 3",1278,1267,69.4798822374877,74.8447658072355,57.2033898305085
"356","BALANGIR","SAINTALA","Jun","Jun-Week 4",1447,1439,64.2725598526704,76.4363815007675,46.8481375358166
"357","BALANGIR","SAINTALA","Jul","Jul-Week 1",1611,1610,72.1003134796238,77.8998179850453,42.8977272727273
"358","BALANGIR","SAINTALA","Jul","Jul-Week 2",1143,1143,62.9049111807732,77.2359412309578,45.3488372093023
"359","BALANGIR","SAINTALA","Jul","Jul-Week 3",1204,1202,59.2476489028213,77.409797727258,46.3844797178131
"360","BALANGIR","SAINTALA","Jul","Jul-Week 4",1742,1739,75.1724137931034,75.0537146586274,40.1048492791612
"361","BALANGIR","SAINTALA","Aug","Aug-Week 1",1658,1655,79.5193312434692,74.1444738289531,40.3416557161629
"362","BALANGIR","SAINTALA","Aug","Aug-Week 2",1755,1752,77.324973876698,73.2610735735736,40.4054054054054
"363","BALANGIR","SAINTALA","Aug","Aug-Week 3",1757,1755,69.1745036572623,73.0904850770571,39.4259818731118
"364","BALANGIR","SAINTALA","Aug","Aug-Week 4",3359,3357,73.876698014629,80.6861887081565,55.7991513437058
"365","BALANGIR","SAINTALA","Sep","Sep-Week 1",1570,1569,72.8506787330317,79.3843870475477,50
"366","BALANGIR","SAINTALA","Sep","Sep-Week 2",1700,1697,73.3887733887734,79.7861905711353,54.1076487252125
"367","BALANGIR","SAINTALA","Sep","Sep-Week 3",1484,1480,73.8814993954051,83.446990361884,60.556464811784
"368","BALANGIR","SAINTALA","Sep","Sep-Week 4",2017,2000,74.8866727107888,75.581356486913,47.3365617433414
"369","BALANGIR","SAINTALA","Oct","Oct-Week 1",959,957,48.58934169279,82.1037868162693,56.7741935483871
"370","BALANGIR","SAINTALA","Oct","Oct-Week 2",699,0,0,0,0
"371","BALANGIR","SAINTALA","Oct","Oct-Week 3",1823,0,0,0,0
"372","BALANGIR","SAINTALA","Oct","Oct-Week 4",6,0,0,0,0
"373","BALANGIR","SONPUR","May","May-Week 3",1,0,0,0,0
"374","BALANGIR","SONPUR","May","May-Week 4",1,1,100,80.8823529411765,0
"375","BALANGIR","SONPUR","Jun","Jun-Week 1",1,1,100,62.3762376237624,0
"376","BALANGIR","SONPUR","Jun","Jun-Week 2",1,1,100,80.2325581395349,0
"377","BALANGIR","SONPUR","Jun","Jun-Week 4",2,2,100,59.1641337386018,0
"378","BALANGIR","SONPUR","Jul","Jul-Week 1",1,1,100,100,100
"379","BALANGIR","SONPUR","Jul","Jul-Week 2",1,1,0,0,0
"380","BALANGIR","SONPUR","Jul","Jul-Week 3",1,1,0,0,0
"381","BALANGIR","SONPUR","Jul","Jul-Week 4",3,3,100,82.5320512820513,0
"382","BALANGIR","SONPUR","Aug","Aug-Week 1",3,3,0,0,0
"383","BALANGIR","SONPUR","Aug","Aug-Week 2",3,3,0,0,0
"384","BALANGIR","SONPUR","Aug","Aug-Week 3",1,1,100,83.6734693877551,0
"385","BALANGIR","SONPUR","Aug","Aug-Week 4",3,3,50,77.3333333333333,0
"386","BALANGIR","SONPUR","Sep","Sep-Week 1",1,1,100,68.75,0
"387","BALANGIR","SONPUR","Sep","Sep-Week 2",2,2,100,81.6091954022989,0
"388","BALANGIR","SONPUR","Sep","Sep-Week 3",1,1,0,0,0
"389","BALANGIR","SONPUR","Sep","Sep-Week 4",3,3,50,84.5360824742268,0
"390","BALANGIR","SONPUR","Oct","Oct-Week 1",1,1,100,72.463768115942,0
"391","BALANGIR","SONPUR","Oct","Oct-Week 2",1,0,0,0,0
"392","BALANGIR","SONPUR","Oct","Oct-Week 3",1,0,0,0,0
"393","BALANGIR","TITLAGARH","May","May-Week 3",876,0,0,0,0
"394","BALANGIR","TITLAGARH","May","May-Week 4",1282,1279,75.5201958384333,76.9876315498839,44.7325769854133
"395","BALANGIR","TITLAGARH","Jun","Jun-Week 1",816,816,58.578431372549,73.4836907584204,32.4267782426778
"396","BALANGIR","TITLAGARH","Jun","Jun-Week 2",796,795,56.1736770691995,75.5880208504029,40.5797101449275
"397","BALANGIR","TITLAGARH","Jun","Jun-Week 3",563,562,60.3585657370518,73.2735439949018,30.6930693069307
"398","BALANGIR","TITLAGARH","Jun","Jun-Week 4",2139,2133,65.537084398977,74.9718487223464,53.4634146341463
"399","BALANGIR","TITLAGARH","Jul","Jul-Week 1",833,831,53.9393939393939,75.6533067431944,42.6966292134831
"400","BALANGIR","TITLAGARH","Jul","Jul-Week 2",829,828,55.2727272727273,75.3245342061132,45.1754385964912
"401","BALANGIR","TITLAGARH","Jul","Jul-Week 3",921,916,49.2121212121212,79.0124866922896,50
"402","BALANGIR","TITLAGARH","Jul","Jul-Week 4",1766,1763,61.7967332123412,71.4864288759415,36.417033773862
"403","BALANGIR","TITLAGARH","Aug","Aug-Week 1",1579,1572,75.3939393939394,69.983219552028,35.8520900321543
"404","BALANGIR","TITLAGARH","Aug","Aug-Week 2",1479,1473,77.3333333333333,71.2801506443748,37.9310344827586
"405","BALANGIR","TITLAGARH","Aug","Aug-Week 3",1071,1070,50.0606060606061,70.5586685105444,37.046004842615
"406","BALANGIR","TITLAGARH","Aug","Aug-Week 4",2340,2329,63.3939393939394,80.9446303377948,56.7877629063097
"407","BALANGIR","TITLAGARH","Sep","Sep-Week 1",1163,1159,52.8683914510686,78.0985188921497,50.2127659574468
"408","BALANGIR","TITLAGARH","Sep","Sep-Week 2",1199,1199,50.3086419753086,76.5050928327471,49.4887525562372
"409","BALANGIR","TITLAGARH","Sep","Sep-Week 3",656,653,46.9230769230769,81.1426318835176,55.4098360655738
"410","BALANGIR","TITLAGARH","Sep","Sep-Week 4",2466,2425,68.3088235294118,76.5145057126029,48.0086114101184
"411","BALANGIR","TITLAGARH","Oct","Oct-Week 1",826,825,49.2121212121212,82.3695295209538,61.3300492610837
"412","BALANGIR","TITLAGARH","Oct","Oct-Week 2",17,15,14.2857142857143,58.2278481012658,50
"413","BALANGIR","TITLAGARH","Oct","Oct-Week 3",1470,0,0,0,0
"414","BALANGIR","TITLAGARH","Oct","Oct-Week 4",2,0,0,0,0
"415","BALANGIR","TUREKELA","May","May-Week 3",112,0,0,0,0
"416","BALANGIR","TUREKELA","May","May-Week 4",160,160,75.4716981132076,76.4154411764706,38.75
"417","BALANGIR","TUREKELA","Jun","Jun-Week 1",105,105,56.1904761904762,69.5356998311995,22.0338983050847
"418","BALANGIR","TUREKELA","Jun","Jun-Week 2",107,107,55.2083333333333,85.0863381772191,52.8301886792453
"419","BALANGIR","TUREKELA","Jun","Jun-Week 3",27,27,73.3333333333333,73.1268731268731,45.4545454545455
"420","BALANGIR","TUREKELA","Jun","Jun-Week 4",272,272,58.6387434554974,73.1101835905292,48.2142857142857
"421","BALANGIR","TUREKELA","Jul","Jul-Week 1",107,106,48.5714285714286,77.6674306086071,47.0588235294118
"422","BALANGIR","TUREKELA","Jul","Jul-Week 2",106,106,49.5238095238095,72.8479853479853,42.3076923076923
"423","BALANGIR","TUREKELA","Jul","Jul-Week 3",117,117,46.6666666666667,73.4495028780743,40.8163265306122
"424","BALANGIR","TUREKELA","Jul","Jul-Week 4",248,247,59.0604026845638,72.0952938190841,34.0909090909091
"425","BALANGIR","TUREKELA","Aug","Aug-Week 1",195,195,73.3333333333333,73.7548150551314,35.0649350649351
"426","BALANGIR","TUREKELA","Aug","Aug-Week 2",200,200,70.4761904761905,69.5899024024024,33.7837837837838
"427","BALANGIR","TUREKELA","Aug","Aug-Week 3",140,140,53.3333333333333,76.7954666776167,50
"428","BALANGIR","TUREKELA","Aug","Aug-Week 4",305,305,60.9523809523809,78.892578125,50
"429","BALANGIR","TUREKELA","Sep","Sep-Week 1",98,98,42.6229508196721,86.4037632625995,65.3846153846154
"430","BALANGIR","TUREKELA","Sep","Sep-Week 2",160,160,62.962962962963,80.9684903720581,51.4705882352941
"431","BALANGIR","TUREKELA","Sep","Sep-Week 3",19,18,61.1111111111111,94.1919191919192,90.9090909090909
"432","BALANGIR","TUREKELA","Sep","Sep-Week 4",346,346,76.3819095477387,74.0313385482607,44.078947368421
"433","BALANGIR","TUREKELA","Oct","Oct-Week 1",175,105,45.7142857142857,83.8768115942029,52.0833333333333
"434","BALANGIR","TUREKELA","Oct","Oct-Week 2",66,62,74.2857142857143,78.6270691333983,34.6153846153846
"435","BALANGIR","TUREKELA","Oct","Oct-Week 3",285,0,0,0,0
"436","BALASORE","ADALPUR","Oct","Oct-Week 1",4,0,0,0,0
"437","BALASORE","ADALPUR","Oct","Oct-Week 3",3,0,0,0,0
"438","BALASORE","BAHANAGA","Oct","Oct-Week 3",3,0,0,0,0
"439","BALASORE","BASTA","Oct","Oct-Week 3",4,0,0,0,0
"440","BALASORE","JALESWAR","Oct","Oct-Week 3",1,0,0,0,0
"441","BALASORE","KHAIRA","Oct","Oct-Week 3",2,0,0,0,0
"442","BALASORE","MAHESHPUR","Oct","Oct-Week 3",2,0,0,0,0
"443","BALASORE","OUPADA","Oct","Oct-Week 3",2,0,0,0,0
"444","BALASORE","SIMULIA","Oct","Oct-Week 3",2,0,0,0,0
"445","BALASORE","SORO","Oct","Oct-Week 3",1,0,0,0,0
"446","BARGARH","AMBABHONA","Aug","Aug-Week 2",9,0,0,0,0
"447","BARGARH","AMBABHONA","Aug","Aug-Week 3",2,0,0,0,0
"448","BARGARH","AMBABHONA","Aug","Aug-Week 4",5,0,0,0,0
"449","BARGARH","AMBABHONA","Sep","Sep-Week 1",2,0,0,0,0
"450","BARGARH","AMBABHONA","Sep","Sep-Week 2",121,121,66.3636363636364,80.0391389432485,43.8356164383562
"451","BARGARH","AMBABHONA","Sep","Sep-Week 3",179,176,78.5714285714286,76.9959052141888,48.8636363636364
"452","BARGARH","AMBABHONA","Sep","Sep-Week 4",1381,195,77.6785714285714,75.45858477745,41.3793103448276
"453","BARGARH","AMBABHONA","Oct","Oct-Week 1",206,0,0,0,0
"454","BARGARH","AMBABHONA","Oct","Oct-Week 2",829,828,25.9150805270864,75.3271830079382,41.8079096045198
"455","BARGARH","AMBABHONA","Oct","Oct-Week 3",1521,0,0,0,0
"456","BARGARH","AMBABHONA","Oct","Oct-Week 4",2,0,0,0,0
"457","BARGARH","ATTABIRA","Aug","Aug-Week 2",8,0,0,0,0
"458","BARGARH","ATTABIRA","Aug","Aug-Week 3",2,0,0,0,0
"459","BARGARH","ATTABIRA","Aug","Aug-Week 4",9,0,0,0,0
"460","BARGARH","ATTABIRA","Sep","Sep-Week 1",4,0,0,0,0
"461","BARGARH","ATTABIRA","Sep","Sep-Week 2",324,323,69.57928802589,81.1495016611296,52.093023255814
"462","BARGARH","ATTABIRA","Sep","Sep-Week 3",417,409,80.2588996763754,80.8867528715868,54.4354838709677
"463","BARGARH","ATTABIRA","Sep","Sep-Week 4",507,505,82.5242718446602,78.141479176927,49.0196078431373
"464","BARGARH","ATTABIRA","Oct","Oct-Week 1",19,0,0,0,0
"465","BARGARH","ATTABIRA","Oct","Oct-Week 2",501,496,83.495145631068,81.498380924345,53.1007751937985
"466","BARGARH","ATTABIRA","Oct","Oct-Week 3",475,0,0,0,0
"467","BARGARH","BARGARH","Sep","Sep-Week 2",131,131,67.7685950413223,81.0452961672474,48.780487804878
"468","BARGARH","BARGARH","Sep","Sep-Week 3",178,178,68.595041322314,84.0666503968968,60.2409638554217
"469","BARGARH","BARGARH","Sep","Sep-Week 4",182,182,85.1239669421488,82.1273575460308,57.2815533980583
"470","BARGARH","BARGARH","Oct","Oct-Week 1",3,0,0,0,0
"471","BARGARH","BARGARH","Oct","Oct-Week 2",192,192,86.1788617886179,73.0475280630523,41.5094339622642
"472","BARGARH","BARGARH","Oct","Oct-Week 3",187,0,0,0,0
"473","BARGARH","BARGARH MPL","Sep","Sep-Week 2",14,14,64.2857142857143,92.0634920634921,77.7777777777778
"474","BARGARH","BARGARH MPL","Sep","Sep-Week 3",22,22,71.4285714285714,80.0106609808102,50
"475","BARGARH","BARGARH MPL","Sep","Sep-Week 4",18,18,92.8571428571429,74.5134383688601,46.1538461538462
"476","BARGARH","BARGARH MPL","Oct","Oct-Week 2",21,21,100,77.3960216998192,57.1428571428571
"477","BARGARH","BARGARH MPL","Oct","Oct-Week 3",24,0,0,0,0
"478","BARGARH","BARPALI","Sep","Sep-Week 2",1643,1639,68.5826257348138,79.1646258503401,47.3333333333333
"479","BARGARH","BARPALI","Sep","Sep-Week 3",2120,2117,79.9477465708687,78.975875175941,49.4281045751634
"480","BARGARH","BARPALI","Sep","Sep-Week 4",2442,2424,85.3037230568256,76.1395779082796,45.405819295559
"481","BARGARH","BARPALI","Oct","Oct-Week 1",40,0,0,0,0
"482","BARGARH","BARPALI","Oct","Oct-Week 2",2489,2475,84.1383812010444,77.4508744881225,46.6252909231963
"483","BARGARH","BARPALI","Oct","Oct-Week 3",2459,0,0,0,0
"484","BARGARH","BARPALI","Oct","Oct-Week 4",9,0,0,0,0
"485","BARGARH","BHATALI","Sep","Sep-Week 2",555,552,58.869395711501,81.1684011352885,52.6490066225166
"486","BARGARH","BHATALI","Sep","Sep-Week 3",774,774,72.7095516569201,82.3467877007151,57.9088471849866
"487","BARGARH","BHATALI","Sep","Sep-Week 4",879,877,80.1169590643275,77.7959791659524,48.4184914841849
"488","BARGARH","BHATALI","Oct","Oct-Week 1",2,0,0,0,0
"489","BARGARH","BHATALI","Oct","Oct-Week 2",856,854,79.9220272904483,74.745291756715,46.0975609756098
"490","BARGARH","BHATALI","Oct","Oct-Week 3",846,0,0,0,0
"491","BARGARH","BHEDEN","Oct","Oct-Week 1",1,0,0,0,0
"492","BARGARH","BHEDEN","Oct","Oct-Week 2",1,1,100,78.4810126582279,0
"493","BARGARH","BHEDEN","Oct","Oct-Week 3",1,0,0,0,0
"494","BARGARH","BHUKTA","Sep","Sep-Week 4",1,0,0,0,0
"495","BARGARH","BHUKTA","Oct","Oct-Week 2",1,1,0,0,0
"496","BARGARH","BHUKTA","Oct","Oct-Week 3",1,0,0,0,0
"497","BARGARH","BIJEPUR","Sep","Sep-Week 2",30,30,51.8518518518519,72.4489795918367,35.7142857142857
"498","BARGARH","BIJEPUR","Sep","Sep-Week 3",40,40,62.962962962963,66.8349429323968,35.2941176470588
"499","BARGARH","BIJEPUR","Sep","Sep-Week 4",49,49,81.4814814814815,74.2059145673604,36.3636363636364
"500","BARGARH","BIJEPUR","Oct","Oct-Week 1",1,0,0,0,0
"501","BARGARH","BIJEPUR","Oct","Oct-Week 2",51,51,77.7777777777778,84.207353827607,47.6190476190476
"502","BARGARH","BIJEPUR","Oct","Oct-Week 3",45,0,0,0,0
"503","BARGARH","DIGAPAHANDI","Sep","Sep-Week 4",1,0,0,0,0
"504","BARGARH","DIGAPAHANDI","Oct","Oct-Week 2",1,1,0,0,0
"505","BARGARH","DIGAPAHANDI","Oct","Oct-Week 3",1,0,0,0,0
"506","BARGARH","GAISILET","Sep","Sep-Week 2",181,173,55.6962025316456,81.3149350649351,50
"507","BARGARH","GAISILET","Sep","Sep-Week 3",253,240,72.7848101265823,79.9100769444702,49.5652173913044
"508","BARGARH","GAISILET","Sep","Sep-Week 4",298,290,70.253164556962,79.4347338966494,47.7477477477478
"509","BARGARH","GAISILET","Oct","Oct-Week 1",2,0,0,0,0
"510","BARGARH","GAISILET","Oct","Oct-Week 2",282,282,79.874213836478,74.7034785208811,40.1574803149606
"511","BARGARH","GAISILET","Oct","Oct-Week 3",270,0,0,0,0
"512","BARGARH","JHARBANDH","Oct","Oct-Week 1",1,0,0,0,0
"513","BARGARH","KAMAKHYANAGAR","Sep","Sep-Week 4",1,0,0,0,0
"514","BARGARH","KAMAKHYANAGAR","Oct","Oct-Week 2",1,1,0,0,0
"515","BARGARH","KAMAKHYANAGAR","Oct","Oct-Week 3",2,0,0,0,0
"516","BARGARH","KAPTIPADA","Sep","Sep-Week 4",2,0,0,0,0
"517","BARGARH","KAPTIPADA","Oct","Oct-Week 2",1,1,51.1627906976744,0,0
"518","BARGARH","KAPTIPADA","Oct","Oct-Week 3",1,0,0,0,0
"519","BARGARH","PADAMPUR","Oct","Oct-Week 1",36,0,0,0,0
"520","BARGARH","PADAMPUR","Oct","Oct-Week 2",37,37,84.6153846153846,83.084004602992,36.3636363636364
"521","BARGARH","PADAMPUR","Oct","Oct-Week 3",41,0,0,0,0
"522","BARGARH","PADAMPUR NAC","Oct","Oct-Week 1",34,0,0,0,0
"523","BARGARH","PADAMPUR NAC","Oct","Oct-Week 2",41,41,84.6153846153846,67.8365937859609,36.3636363636364
"524","BARGARH","PADAMPUR NAC","Oct","Oct-Week 3",44,0,0,0,0
"525","BARGARH","PADMAPUR","Oct","Oct-Week 1",5,0,0,0,0
"526","BARGARH","PADMAPUR","Oct","Oct-Week 2",5,5,66.6666666666667,89.873417721519,50
"527","BARGARH","PADMAPUR","Oct","Oct-Week 3",5,0,0,0,0
"528","BARGARH","PAIKMAL","Oct","Oct-Week 1",2,0,0,0,0
"529","BARGARH","PAIKMAL","Oct","Oct-Week 2",3,3,0,0,0
"530","BARGARH","PAIKMAL","Oct","Oct-Week 3",2,0,0,0,0
"531","BARGARH","PRAKASHPUR","Oct","Oct-Week 1",2,0,0,0,0
"532","BARGARH","PRAKASHPUR","Oct","Oct-Week 2",1,1,100,100,100
"533","BARGARH","PRAKASHPUR","Oct","Oct-Week 3",1,0,0,0,0
"534","BARGARH","RAJBORASAMBAR","Oct","Oct-Week 1",1137,0,0,0,0
"535","BARGARH","RAJBORASAMBAR","Oct","Oct-Week 2",1110,1106,87.3626373626374,74.1532941293731,37.7358490566038
"536","BARGARH","RAJBORASAMBAR","Oct","Oct-Week 3",1278,0,0,0,0
"537","BARGARH","RAJBORASAMBAR","Oct","Oct-Week 4",2,0,0,0,0
"538","BARGARH","RAJBORASAMBAR(PADAMPUR)","Oct","Oct-Week 1",5,0,0,0,0
"539","BARGARH","RAJBORASAMBAR(PADAMPUR)","Oct","Oct-Week 2",3,3,100,71.7299578059072,33.3333333333333
"540","BARGARH","RAJBORASAMBAR(PADAMPUR)","Oct","Oct-Week 3",3,0,0,0,0
"541","BARGARH","SOHELLA","Aug","Aug-Week 2",2,0,0,0,0
"542","BARGARH","SOHELLA","Aug","Aug-Week 3",1,0,0,0,0
"543","BARGARH","SOHELLA","Aug","Aug-Week 4",2,0,0,0,0
"544","BARGARH","SOHELLA","Sep","Sep-Week 1",1,0,0,0,0
"545","BARGARH","SOHELLA","Sep","Sep-Week 2",309,307,64.9305555555556,77.257448433919,45.9893048128342
"546","BARGARH","SOHELLA","Sep","Sep-Week 3",439,437,72.9166666666667,79.6618946085897,53.3333333333333
"547","BARGARH","SOHELLA","Sep","Sep-Week 4",486,485,84.0277777777778,77.2846252639076,42.9752066115703
"548","BARGARH","SOHELLA","Oct","Oct-Week 2",456,454,82.6388888888889,79.3692160408467,51.6806722689076
"549","BARGARH","SOHELLA","Oct","Oct-Week 3",462,0,0,0,0
"550","BHADRAK","BASUDEVPUR","Oct","Oct-Week 3",4,0,0,0,0
"551","BHADRAK","BHADRAK","Oct","Oct-Week 3",1,0,0,0,0
"552","BHADRAK","BHANDARIPOKHARI","Oct","Oct-Week 3",3,0,0,0,0
"553","BHADRAK","CHANDABALI","Oct","Oct-Week 3",3,0,0,0,0
"554","BHADRAK","PADAMPUR","Oct","Oct-Week 3",3,0,0,0,0
"555","BHADRAK","TIHIDI","Oct","Oct-Week 3",2,0,0,0,0
"556","BHANJNAGAR","BELAGUTHA","Oct","Oct-Week 3",1,0,0,0,0
"557","BOUDH","HARBHANGA","Oct","Oct-Week 3",2,0,0,0,0
"558","DEOGARH","BARKOTE","Sep","Sep-Week 3",87,87,75,73.6008278662918,33.3333333333333
"559","DEOGARH","BARKOTE","Sep","Sep-Week 4",80,80,72.7272727272727,76.5046296296296,34.375
"560","DEOGARH","BARKOTE","Oct","Oct-Week 2",44,44,56.8181818181818,81.0133333333333,40
"561","DEOGARH","BARKOTE","Oct","Oct-Week 3",98,0,0,0,0
"562","DEOGARH","DEOGARH","Sep","Sep-Week 4",2,0,0,0,0
"563","DEOGARH","DEOGARH","Oct","Oct-Week 3",1,0,0,0,0
"564","DEOGARH","REAMAL","Sep","Sep-Week 4",1,0,0,0,0
"565","DEOGARH","REAMAL","Oct","Oct-Week 2",1,1,0,0,0
"566","DEOGARH","REAMAL","Oct","Oct-Week 3",5,0,0,0,0
"567","DHENKANAL","HINDOL","Oct","Oct-Week 3",6,0,0,0,0
"568","GAJAPATI","GUMMA","Oct","Oct-Week 1",4,0,0,0,0
"569","GAJAPATI","KASINAGAR","Aug","Aug-Week 2",6,0,0,0,0
"570","GAJAPATI","KASINAGAR","Aug","Aug-Week 3",1,0,0,0,0
"571","GAJAPATI","KASINAGAR","Aug","Aug-Week 4",4,0,0,0,0
"572","GAJAPATI","KASINAGAR","Sep","Sep-Week 1",3,0,0,0,0
"573","GAJAPATI","KASINAGAR","Sep","Sep-Week 3",51,50,85.7142857142857,71.7531142611684,41.6666666666667
"574","GAJAPATI","KASINAGAR","Sep","Sep-Week 4",47,47,85.7142857142857,86.1625514403292,58.3333333333333
"575","GAJAPATI","KASINAGAR","Oct","Oct-Week 2",28,28,14.2857142857143,73,50
"576","GAJAPATI","KASINAGAR","Oct","Oct-Week 3",50,0,0,0,0
"577","GAJAPATI","MOHANA","Oct","Oct-Week 3",3,0,0,0,0
"578","GAJAPATI","NUAGADA","Sep","Sep-Week 3",81,81,44.1176470588235,83.4888316151203,60
"579","GAJAPATI","NUAGADA","Sep","Sep-Week 4",77,77,44.1176470588235,84.8559670781893,46.6666666666667
"580","GAJAPATI","NUAGADA","Oct","Oct-Week 2",34,34,8.82352941176471,92.4444444444444,66.6666666666667
"581","GAJAPATI","NUAGADA","Oct","Oct-Week 3",79,0,0,0,0
"582","GAJAPATI","R.UDAYAGIRI","Sep","Sep-Week 3",94,93,64.4444444444444,79.1130465694987,37.9310344827586
"583","GAJAPATI","R.UDAYAGIRI","Sep","Sep-Week 4",82,82,64.4444444444444,78.7143465304385,44.8275862068966
"584","GAJAPATI","R.UDAYAGIRI","Oct","Oct-Week 2",45,45,17.7777777777778,89.1666666666667,62.5
"585","GAJAPATI","R.UDAYAGIRI","Oct","Oct-Week 3",84,0,0,0,0
"586","GAJAPATI","RAYAGAD","Sep","Sep-Week 3",64,64,58.6206896551724,68.627956337174,23.5294117647059
"587","GAJAPATI","RAYAGAD","Sep","Sep-Week 4",71,63,55.1724137931034,65.2777777777778,12.5
"588","GAJAPATI","RAYAGAD","Oct","Oct-Week 2",30,30,3.33333333333333,100,100
"589","GAJAPATI","RAYAGAD","Oct","Oct-Week 3",85,0,0,0,0
"590","GANJAM","BEGUNIAPADA","Sep","Sep-Week 4",1347,0,0,0,0
"591","GANJAM","BEGUNIAPADA","Oct","Oct-Week 1",13,0,0,0,0
"592","GANJAM","BEGUNIAPADA","Oct","Oct-Week 2",302,297,0,0,0
"593","GANJAM","BEGUNIAPADA","Oct","Oct-Week 3",1209,0,0,0,0
"594","GANJAM","BEGUNIAPADA","Oct","Oct-Week 4",4,0,0,0,0
"595","GANJAM","BELLAGUNTHA","Sep","Sep-Week 2",1,1,100,84.5360824742268,0
"596","GANJAM","BELLAGUNTHA","Sep","Sep-Week 3",1,1,100,79.0123456790123,0
"597","GANJAM","BELLAGUNTHA","Sep","Sep-Week 4",2,2,100,75.3246753246753,0
"598","GANJAM","BELLAGUNTHA","Oct","Oct-Week 2",1,1,100,76,0
"599","GANJAM","BELLAGUNTHA","Oct","Oct-Week 3",3,0,0,0,0
"600","GANJAM","BHANJANAGAR","Oct","Oct-Week 3",1,0,0,0,0
"601","GANJAM","CHATRAPUR","Sep","Sep-Week 2",363,363,75.8620689655172,78.508018327606,44.4444444444444
"602","GANJAM","CHATRAPUR","Sep","Sep-Week 3",447,447,83.5249042145594,83.1407860459848,53.2110091743119
"603","GANJAM","CHATRAPUR","Sep","Sep-Week 4",440,439,84.2911877394636,80.2526564344746,53.1818181818182
"604","GANJAM","CHATRAPUR","Oct","Oct-Week 2",561,561,59.0038314176245,84.4242424242424,61.6883116883117
"605","GANJAM","CHATRAPUR","Oct","Oct-Week 3",431,0,0,0,0
"606","GANJAM","CHATRAPUR NAC","Sep","Sep-Week 2",38,38,81.4814814814815,67.9170571696345,40.9090909090909
"607","GANJAM","CHATRAPUR NAC","Sep","Sep-Week 3",40,40,92.5925925925926,87.4567901234568,64
"608","GANJAM","CHATRAPUR NAC","Sep","Sep-Week 4",40,38,96.2962962962963,78.9010989010989,50
"609","GANJAM","CHATRAPUR NAC","Oct","Oct-Week 2",52,52,71.4285714285714,81.7333333333333,55
"610","GANJAM","CHATRAPUR NAC","Oct","Oct-Week 3",39,0,0,0,0
"611","GANJAM","GANJAM","Sep","Sep-Week 2",590,589,74.4827586206897,76.1434071528573,41.0493827160494
"612","GANJAM","GANJAM","Sep","Sep-Week 3",694,692,84.8275862068966,78.9788885543176,45.7994579945799
"613","GANJAM","GANJAM","Sep","Sep-Week 4",728,716,82.7586206896552,79.1370851370851,54.4444444444444
"614","GANJAM","GANJAM","Oct","Oct-Week 2",905,903,62.3853211009174,82.9901960784314,60.6617647058823
"615","GANJAM","GANJAM","Oct","Oct-Week 3",732,0,0,0,0
"616","GANJAM","GANJAM NAC","Sep","Sep-Week 2",56,56,76.3157894736842,73.7975471027373,37.9310344827586
"617","GANJAM","GANJAM NAC","Sep","Sep-Week 3",52,52,94.7368421052632,82.3045267489712,50
"618","GANJAM","GANJAM NAC","Sep","Sep-Week 4",56,56,84.2105263157895,71.4123376623377,43.75
"619","GANJAM","GANJAM NAC","Oct","Oct-Week 2",80,80,63.1578947368421,85,75
"620","GANJAM","GANJAM NAC","Oct","Oct-Week 3",60,0,0,0,0
"621","GANJAM","HINJILICUT","Sep","Sep-Week 2",311,311,73.3333333333333,72.3355201499531,36.3636363636364
"622","GANJAM","HINJILICUT","Sep","Sep-Week 3",350,350,89.3333333333333,79.0000614212886,43.2835820895522
"623","GANJAM","HINJILICUT","Sep","Sep-Week 4",2037,362,85.3333333333333,74.0922619047619,45.8333333333333
"624","GANJAM","HINJILICUT","Oct","Oct-Week 1",8,0,0,0,0
"625","GANJAM","HINJILICUT","Oct","Oct-Week 2",852,850,23.6541598694943,82.2712643678161,55.8620689655172
"626","GANJAM","HINJILICUT","Oct","Oct-Week 3",1846,0,0,0,0
"627","GANJAM","HINJILICUT","Oct","Oct-Week 4",2,0,0,0,0
"628","GANJAM","HINJILICUT NAC","Sep","Sep-Week 2",98,98,77.2151898734177,67.2289589318912,39.344262295082
"629","GANJAM","HINJILICUT NAC","Sep","Sep-Week 3",113,113,91.1392405063291,78.1207133058985,47.2222222222222
"630","GANJAM","HINJILICUT NAC","Sep","Sep-Week 4",121,121,86.0759493670886,80.7066462948816,61.7647058823529
"631","GANJAM","HINJILICUT NAC","Oct","Oct-Week 2",145,145,70.8860759493671,79.6190476190476,57.1428571428571
"632","GANJAM","HINJILICUT NAC","Oct","Oct-Week 3",104,0,0,0,0
"633","GANJAM","JAGANATHPRASAD","Sep","Sep-Week 2",1,1,0,0,0
"634","GANJAM","JAGANATHPRASAD","Sep","Sep-Week 3",1,1,100,79.0123456790123,0
"635","GANJAM","JAGANATHPRASAD","Sep","Sep-Week 4",2,1,100,100,100
"636","GANJAM","JAGANATHPRASAD","Oct","Oct-Week 2",1,1,100,49.3333333333333,0
"637","GANJAM","JAGANATHPRASAD","Oct","Oct-Week 3",4,0,0,0,0
"638","GANJAM","KABISURYANAGAR","Sep","Sep-Week 2",1,1,0,0,0
"639","GANJAM","KABISURYANAGAR","Sep","Sep-Week 3",3,3,0,0,0
"640","GANJAM","KABISURYANAGAR","Sep","Sep-Week 4",3,3,0,0,0
"641","GANJAM","KABISURYANAGAR","Oct","Oct-Week 2",3,3,0,0,0
"642","GANJAM","KABISURYANAGAR","Oct","Oct-Week 3",3,0,0,0,0
"643","GANJAM","KHALLIKOTE","Aug","Aug-Week 2",4,0,0,0,0
"644","GANJAM","KHALLIKOTE","Aug","Aug-Week 3",1,0,0,0,0
"645","GANJAM","KHALLIKOTE","Aug","Aug-Week 4",2,0,0,0,0
"646","GANJAM","KHALLIKOTE","Sep","Sep-Week 1",1,0,0,0,0
"647","GANJAM","KHALLIKOTE","Sep","Sep-Week 2",195,195,67.4603174603175,76.7513644633111,37.6470588235294
"648","GANJAM","KHALLIKOTE","Sep","Sep-Week 3",230,229,76.1904761904762,79.9768518518518,41.6666666666667
"649","GANJAM","KHALLIKOTE","Sep","Sep-Week 4",215,214,76.984126984127,73.2306868389343,46.3917525773196
"650","GANJAM","KHALLIKOTE","Oct","Oct-Week 2",252,252,68.503937007874,78.6973180076628,52.8735632183908
"651","GANJAM","KHALLIKOTE","Oct","Oct-Week 3",225,0,0,0,0
"652","GANJAM","KHALLIKOTE NAC","Sep","Sep-Week 2",76,76,79.2452830188679,77.1907216494845,42.8571428571429
"653","GANJAM","KHALLIKOTE NAC","Sep","Sep-Week 3",82,82,86.7924528301887,81.857219538379,54.3478260869565
"654","GANJAM","KHALLIKOTE NAC","Sep","Sep-Week 4",96,93,75.4716981132076,79.8116883116883,55
"655","GANJAM","KHALLIKOTE NAC","Oct","Oct-Week 2",96,96,75.9259259259259,73.5934959349593,48.780487804878
"656","GANJAM","KHALLIKOTE NAC","Oct","Oct-Week 3",94,0,0,0,0
"657","GANJAM","KUKUDAKHANDI","Oct","Oct-Week 3",2,0,0,0,0
"658","GANJAM","POLASARA","Sep","Sep-Week 2",1,1,0,0,0
"659","GANJAM","POLASARA","Sep","Sep-Week 3",3,3,0,0,0
"660","GANJAM","POLASARA","Sep","Sep-Week 4",1,1,100,75.3246753246753,0
"661","GANJAM","POLASARA","Oct","Oct-Week 2",1,1,100,77.3333333333333,0
"662","GANJAM","POLASARA","Oct","Oct-Week 3",3,0,0,0,0
"663","GANJAM","PURUSOTAMPUR","Sep","Sep-Week 4",1758,0,0,0,0
"664","GANJAM","PURUSOTAMPUR","Oct","Oct-Week 1",9,0,0,0,0
"665","GANJAM","PURUSOTAMPUR","Oct","Oct-Week 2",376,376,0,0,0
"666","GANJAM","PURUSOTAMPUR","Oct","Oct-Week 3",1562,0,0,0,0
"667","GANJAM","PURUSOTAMPUR","Oct","Oct-Week 4",2,0,0,0,0
"668","GANJAM","PURUSOTAMPUR NAC","Sep","Sep-Week 4",107,0,0,0,0
"669","GANJAM","PURUSOTAMPUR NAC","Oct","Oct-Week 2",24,24,0,0,0
"670","GANJAM","PURUSOTAMPUR NAC","Oct","Oct-Week 3",96,0,0,0,0
"671","GANJAM","SHERAGADA","Sep","Sep-Week 4",2,0,0,0,0
"672","GANJAM","SHERAGADA","Oct","Oct-Week 3",3,0,0,0,0
"673","JHARSUGUDA","KIRIMIRA","Sep","Sep-Week 2",42,42,54.7619047619048,73.3540372670807,21.7391304347826
"674","JHARSUGUDA","KIRIMIRA","Sep","Sep-Week 3",59,59,64.2857142857143,75.9782437021243,44.4444444444444
"675","JHARSUGUDA","KIRIMIRA","Sep","Sep-Week 4",82,82,71.4285714285714,76.425702811245,43.3333333333333
"676","JHARSUGUDA","KIRIMIRA","Oct","Oct-Week 2",79,79,73.8095238095238,84.8509595753369,54.8387096774194
"677","JHARSUGUDA","KIRIMIRA","Oct","Oct-Week 3",83,0,0,0,0
"678","JHARSUGUDA","LAIKERA","Sep","Sep-Week 2",55,50,56.8181818181818,66.7428571428571,24
"679","JHARSUGUDA","LAIKERA","Sep","Sep-Week 3",73,68,75,77.1604639141953,54.5454545454545
"680","JHARSUGUDA","LAIKERA","Sep","Sep-Week 4",91,79,68.1818181818182,65.863453815261,23.3333333333333
"681","JHARSUGUDA","LAIKERA","Oct","Oct-Week 1",1,0,0,0,0
"682","JHARSUGUDA","LAIKERA","Oct","Oct-Week 2",82,78,77.2727272727273,71.1466865227104,47.0588235294118
"683","JHARSUGUDA","LAIKERA","Oct","Oct-Week 3",80,0,0,0,0
"684","KALAHANDI","DHARMAGARH","Sep","Sep-Week 2",39,37,80,81.5816326530612,50
"685","KALAHANDI","DHARMAGARH","Sep","Sep-Week 3",51,51,82.8571428571429,77.9887508271451,44.8275862068966
"686","KALAHANDI","DHARMAGARH","Sep","Sep-Week 4",53,52,85.7142857142857,73.3333333333333,33.3333333333333
"687","KALAHANDI","DHARMAGARH","Oct","Oct-Week 1",3,0,0,0,0
"688","KALAHANDI","DHARMAGARH","Oct","Oct-Week 2",57,57,85.7142857142857,71.7299578059072,23.3333333333333
"689","KALAHANDI","DHARMAGARH","Oct","Oct-Week 3",62,0,0,0,0
"690","KALAHANDI","GOLAMUNDA","Sep","Sep-Week 4",65,0,0,0,0
"691","KALAHANDI","GOLAMUNDA","Oct","Oct-Week 1",3,0,0,0,0
"692","KALAHANDI","GOLAMUNDA","Oct","Oct-Week 2",27,27,0,0,0
"693","KALAHANDI","GOLAMUNDA","Oct","Oct-Week 3",64,0,0,0,0
"694","KALAHANDI","JAIPATNA","Sep","Sep-Week 3",1,0,0,0,0
"695","KALAHANDI","JAIPATNA","Oct","Oct-Week 1",65,0,0,0,0
"696","KALAHANDI","JAIPATNA","Oct","Oct-Week 2",66,61,80,82.9113924050633,53.5714285714286
"697","KALAHANDI","JAIPATNA","Oct","Oct-Week 3",63,0,0,0,0
"698","KALAHANDI","JUNAGARH","Sep","Sep-Week 2",32,32,60,66.984126984127,27.7777777777778
"699","KALAHANDI","JUNAGARH","Sep","Sep-Week 3",43,43,83.3333333333333,81.0671641791045,44
"700","KALAHANDI","JUNAGARH","Sep","Sep-Week 4",58,55,73.3333333333333,62.6506024096386,36.3636363636364
"701","KALAHANDI","JUNAGARH","Oct","Oct-Week 1",2,0,0,0,0
"702","KALAHANDI","JUNAGARH","Oct","Oct-Week 2",48,48,84.375,74.7304266291608,51.8518518518518
"703","KALAHANDI","JUNAGARH","Oct","Oct-Week 3",61,0,0,0,0
"704","KALAHANDI","KALAMPUR","Oct","Oct-Week 1",24,0,0,0,0
"705","KALAHANDI","KALAMPUR","Oct","Oct-Week 2",29,29,75,82.3839662447257,50
"706","KALAHANDI","KALAMPUR","Oct","Oct-Week 3",34,0,0,0,0
"707","KALAHANDI","KARLAMUNDA","Sep","Sep-Week 4",49,0,0,0,0
"708","KALAHANDI","KARLAMUNDA","Oct","Oct-Week 2",19,19,0,0,0
"709","KALAHANDI","KARLAMUNDA","Oct","Oct-Week 3",52,0,0,0,0
"710","KALAHANDI","KOKSARA","Sep","Sep-Week 4",77,0,0,0,0
"711","KALAHANDI","KOKSARA","Oct","Oct-Week 2",28,28,0,0,0
"712","KALAHANDI","KOKSARA","Oct","Oct-Week 3",71,0,0,0,0
"713","KALAHANDI","LANJIGADA","Sep","Sep-Week 4",61,0,0,0,0
"714","KALAHANDI","LANJIGADA","Oct","Oct-Week 2",22,22,0,0,0
"715","KALAHANDI","LANJIGADA","Oct","Oct-Week 3",72,0,0,0,0
"716","KALAHANDI","NAC","Sep","Sep-Week 2",1,1,0,0,0
"717","KALAHANDI","NAC","Sep","Sep-Week 3",1,1,100,71.4285714285714,0
"718","KALAHANDI","NAC","Sep","Sep-Week 4",1,1,100,100,100
"719","KALAHANDI","NAC","Oct","Oct-Week 2",1,1,100,6.32911392405063,0
"720","KALAHANDI","NAC","Oct","Oct-Week 3",3,0,0,0,0
"721","KANDHAMAL","KOTAGARH","Sep","Sep-Week 3",78,77,32.258064516129,68.4201030927835,10
"722","KANDHAMAL","KOTAGARH","Sep","Sep-Week 4",75,75,38.7096774193548,69.4444444444444,25
"723","KANDHAMAL","KOTAGARH","Oct","Oct-Week 2",31,31,6.45161290322581,100,100
"724","KANDHAMAL","KOTAGARH","Oct","Oct-Week 3",84,0,0,0,0
"725","KANDHAMAL","TUMUDIBANDH","Sep","Sep-Week 3",36,34,64.7058823529412,62.9662605435801,27.2727272727273
"726","KANDHAMAL","TUMUDIBANDH","Sep","Sep-Week 4",44,44,35.2941176470588,77.5720164609053,33.3333333333333
"727","KANDHAMAL","TUMUDIBANDH","Oct","Oct-Week 2",17,17,17.6470588235294,64.8888888888889,0
"728","KANDHAMAL","TUMUDIBANDH","Oct","Oct-Week 3",41,0,0,0,0
"729","KENDRAPADA","AUL","Oct","Oct-Week 3",1,0,0,0,0
"730","KENDRAPADA","KENDRAPARA","Oct","Oct-Week 3",3,0,0,0,0
"731","KENDRAPADA","MAHAKALPARA","Oct","Oct-Week 3",2,0,0,0,0
"732","KENDRAPADA","OTHER","Oct","Oct-Week 3",3,0,0,0,0
"733","KENDRAPADA","RAJKANIKA","Oct","Oct-Week 3",1,0,0,0,0
"734","KEONJHAR","BAUNSAPALA","Aug","Aug-Week 2",8,0,0,0,0
"735","KEONJHAR","BAUNSAPALA","Aug","Aug-Week 3",4,0,0,0,0
"736","KEONJHAR","BAUNSAPALA","Aug","Aug-Week 4",9,0,0,0,0
"737","KEONJHAR","BAUNSAPALA","Sep","Sep-Week 1",4,0,0,0,0
"738","KEONJHAR","BAUNSAPALA","Sep","Sep-Week 3",76,71,62.8571428571429,70.3086925960637,27.2727272727273
"739","KEONJHAR","BAUNSAPALA","Sep","Sep-Week 4",61,61,88.5714285714286,79.1716447630426,35.4838709677419
"740","KEONJHAR","BAUNSAPALA","Oct","Oct-Week 2",35,35,31.4285714285714,59.5151515151515,9.09090909090909
"741","KEONJHAR","BAUNSAPALA","Oct","Oct-Week 3",72,0,0,0,0
"742","KEONJHAR","CHAMPUA","Oct","Oct-Week 3",1,0,0,0,0
"743","KEONJHAR","GHASIPURA","Oct","Oct-Week 3",6,0,0,0,0
"744","KEONJHAR","GHATAGAON","Sep","Sep-Week 3",76,76,67.5,71.2366361206567,25.9259259259259
"745","KEONJHAR","GHATAGAON","Sep","Sep-Week 4",74,72,77.5,72.4810832337714,35.4838709677419
"746","KEONJHAR","GHATAGAON","Oct","Oct-Week 2",40,40,52.5,76.5079365079365,42.8571428571429
"747","KEONJHAR","GHATAGAON","Oct","Oct-Week 3",84,0,0,0,0
"748","KEONJHAR","HARICHANDANPUR","Sep","Sep-Week 2",1,0,0,0,0
"749","KEONJHAR","HARICHANDANPUR","Sep","Sep-Week 3",85,85,63.1578947368421,58.2275558419244,8.33333333333333
"750","KEONJHAR","HARICHANDANPUR","Sep","Sep-Week 4",85,71,73.6842105263158,72.310405643739,28.5714285714286
"751","KEONJHAR","HARICHANDANPUR","Oct","Oct-Week 2",38,38,39.4736842105263,76.6222222222222,33.3333333333333
"752","KEONJHAR","HARICHANDANPUR","Oct","Oct-Week 3",73,0,0,0,0
"753","KEONJHAR","HARICHANDANPUR","Oct","Oct-Week 4",2,0,0,0,0
"754","KEONJHAR","KARANJIA","Sep","Sep-Week 3",2,2,100,85.5670103092783,0
"755","KEONJHAR","KARANJIA","Sep","Sep-Week 4",1,1,100,32.0987654320988,0
"756","KEONJHAR","KARANJIA","Oct","Oct-Week 2",1,1,0,0,0
"757","KEONJHAR","KARANJIA","Oct","Oct-Week 3",1,0,0,0,0
"758","KEONJHAR","TELKOI","Sep","Sep-Week 3",104,104,61.7021276595745,79.3556701030928,24.1379310344828
"759","KEONJHAR","TELKOI","Sep","Sep-Week 4",95,95,65.9574468085106,77.0609318996416,45.1612903225806
"760","KEONJHAR","TELKOI","Oct","Oct-Week 1",3,0,0,0,0
"761","KEONJHAR","TELKOI","Oct","Oct-Week 2",47,47,25.531914893617,80.8888888888889,50
"762","KEONJHAR","TELKOI","Oct","Oct-Week 3",94,0,0,0,0
"763","KORAPUT","BOIPARIGUDA","Aug","Aug-Week 2",6,0,0,0,0
"764","KORAPUT","BOIPARIGUDA","Aug","Aug-Week 3",2,0,0,0,0
"765","KORAPUT","BOIPARIGUDA","Aug","Aug-Week 4",7,0,0,0,0
"766","KORAPUT","BOIPARIGUDA","Sep","Sep-Week 1",5,0,0,0,0
"767","KORAPUT","BOIPARIGUDA","Sep","Sep-Week 3",2,0,0,0,0
"768","KORAPUT","BOIPARIGUDA","Oct","Oct-Week 3",2,0,0,0,0
"769","KORAPUT","JEYPORE","Oct","Oct-Week 3",3,0,0,0,0
"770","KORAPUT","KORAPUT","Sep","Sep-Week 4",1,0,0,0,0
"771","KORAPUT","KORAPUT","Oct","Oct-Week 2",1,1,0,0,0
"772","KORAPUT","KORAPUT","Oct","Oct-Week 3",1,0,0,0,0
"773","MALKANGIRI","KALIMALA","Sep","Sep-Week 3",61,60,72.7272727272727,73.5083762886598,20.8333333333333
"774","MALKANGIRI","KALIMALA","Sep","Sep-Week 4",90,88,42.4242424242424,83.0687830687831,42.8571428571429
"775","MALKANGIRI","KALIMALA","Oct","Oct-Week 2",33,33,24.2424242424242,75.5,50
"776","MALKANGIRI","KALIMALA","Oct","Oct-Week 3",61,0,0,0,0
"777","MALKANGIRI","KALIMALA","Oct","Oct-Week 4",2,0,0,0,0
"778","MALKANGIRI","KORKUNDA","Sep","Sep-Week 3",42,42,88.8888888888889,73.9755154639175,33.3333333333333
"779","MALKANGIRI","KORKUNDA","Sep","Sep-Week 4",46,40,88.8888888888889,88.6831275720165,62.5
"780","MALKANGIRI","KORKUNDA","Oct","Oct-Week 2",27,27,59.2592592592593,70.4166666666667,50
"781","MALKANGIRI","KORKUNDA","Oct","Oct-Week 3",49,0,0,0,0
"782","MALKANGIRI","KORUKONDA","Oct","Oct-Week 3",1,0,0,0,0
"783","MALKANGIRI","MALKANGIRI","Sep","Sep-Week 3",70,70,73.6842105263158,75.8670839469809,25
"784","MALKANGIRI","MALKANGIRI","Sep","Sep-Week 4",80,80,63.1578947368421,77.9835390946502,25
"785","MALKANGIRI","MALKANGIRI","Oct","Oct-Week 2",38,38,36.8421052631579,63.1428571428571,21.4285714285714
"786","MALKANGIRI","MALKANGIRI","Oct","Oct-Week 3",84,0,0,0,0
"787","MALKANGIRI","PADIA","Sep","Sep-Week 3",76,76,78.0487804878049,75.8879671391753,31.25
"788","MALKANGIRI","PADIA","Sep","Sep-Week 4",123,123,4.8780487804878,89.5061728395062,50
"789","MALKANGIRI","PADIA","Oct","Oct-Week 2",41,41,53.6585365853659,66.6060606060606,27.2727272727273
"790","MALKANGIRI","PADIA","Oct","Oct-Week 3",81,0,0,0,0
"791","MAYURBHANJ","BAHALDA","Oct","Oct-Week 1",16,0,0,0,0
"792","MAYURBHANJ","BAHALDA","Oct","Oct-Week 2",687,687,40.4657933042213,75.0887290167866,41.726618705036
"793","MAYURBHANJ","BAHALDA","Oct","Oct-Week 3",1103,0,0,0,0
"794","MAYURBHANJ","BAHALDA","Oct","Oct-Week 4",5,0,0,0,0
"795","MAYURBHANJ","BANGRIPOSI","Aug","Aug-Week 2",2,0,0,0,0
"796","MAYURBHANJ","BANGRIPOSI","Aug","Aug-Week 3",1,0,0,0,0
"797","MAYURBHANJ","BANGRIPOSI","Aug","Aug-Week 4",5,0,0,0,0
"798","MAYURBHANJ","BANGRIPOSI","Sep","Sep-Week 1",3,0,0,0,0
"799","MAYURBHANJ","BANGRIPOSI","Sep","Sep-Week 2",1289,1287,79.8097251585624,75.3453096197173,34.0397350993377
"800","MAYURBHANJ","BANGRIPOSI","Sep","Sep-Week 3",1579,1565,83.5095137420719,78.4857008907642,39.620253164557
"801","MAYURBHANJ","BANGRIPOSI","Sep","Sep-Week 4",1573,1566,82.1353065539112,76.0270103127246,45.1737451737452
"802","MAYURBHANJ","BANGRIPOSI","Oct","Oct-Week 1",6,0,0,0,0
"803","MAYURBHANJ","BANGRIPOSI","Oct","Oct-Week 2",1798,1787,70.3665987780041,78.3212735166425,46.7438494934877
"804","MAYURBHANJ","BANGRIPOSI","Oct","Oct-Week 3",1655,0,0,0,0
"805","MAYURBHANJ","BARASAHI","Sep","Sep-Week 4",30,0,0,0,0
"806","MAYURBHANJ","BARASAHI","Oct","Oct-Week 1",9,0,0,0,0
"807","MAYURBHANJ","BARASAHI","Oct","Oct-Week 2",1206,1199,41.7014178482068,80.3253333333333,52.2
"808","MAYURBHANJ","BARASAHI","Oct","Oct-Week 3",2031,0,0,0,0
"809","MAYURBHANJ","BARASAHI","Oct","Oct-Week 4",1,0,0,0,0
"810","MAYURBHANJ","BARIPADA","Oct","Oct-Week 1",2,0,0,0,0
"811","MAYURBHANJ","BETNOTI","Aug","Aug-Week 2",4,0,0,0,0
"812","MAYURBHANJ","BETNOTI","Aug","Aug-Week 3",1,0,0,0,0
"813","MAYURBHANJ","BETNOTI","Aug","Aug-Week 4",4,0,0,0,0
"814","MAYURBHANJ","BETNOTI","Sep","Sep-Week 1",1,0,0,0,0
"815","MAYURBHANJ","BETNOTI","Sep","Sep-Week 3",3,0,0,0,0
"816","MAYURBHANJ","BETNOTI","Oct","Oct-Week 1",2,0,0,0,0
"817","MAYURBHANJ","BETNOTI","Oct","Oct-Week 2",4,3,66.6666666666667,100,100
"818","MAYURBHANJ","BETNOTI","Oct","Oct-Week 3",5,0,0,0,0
"819","MAYURBHANJ","BIJATALA","Oct","Oct-Week 2",40,40,27.5,73.9393939393939,36.3636363636364
"820","MAYURBHANJ","BIJATALA","Oct","Oct-Week 3",75,0,0,0,0
"821","MAYURBHANJ","BIJATALA","Oct","Oct-Week 4",1,0,0,0,0
"822","MAYURBHANJ","BISOI","Aug","Aug-Week 2",8,0,0,0,0
"823","MAYURBHANJ","BISOI","Aug","Aug-Week 3",4,0,0,0,0
"824","MAYURBHANJ","BISOI","Aug","Aug-Week 4",4,0,0,0,0
"825","MAYURBHANJ","BISOI","Sep","Sep-Week 1",3,0,0,0,0
"826","MAYURBHANJ","BISOI","Sep","Sep-Week 3",6,3,100,100,100
"827","MAYURBHANJ","BISOI","Sep","Sep-Week 4",1117,2,100,100,100
"828","MAYURBHANJ","BISOI","Oct","Oct-Week 2",259,258,3.50194552529183,72.1481481481482,66.6666666666667
"829","MAYURBHANJ","BISOI","Oct","Oct-Week 3",1058,0,0,0,0
"830","MAYURBHANJ","BISOI","Oct","Oct-Week 4",2,0,0,0,0
"831","MAYURBHANJ","GOPABANDHUNAGAR","Sep","Sep-Week 4",64,0,0,0,0
"832","MAYURBHANJ","GOPABANDHUNAGAR","Oct","Oct-Week 2",11,11,0,0,0
"833","MAYURBHANJ","GOPABANDHUNAGAR","Oct","Oct-Week 3",62,0,0,0,0
"834","MAYURBHANJ","JAMDA","Sep","Sep-Week 2",60,60,63.4146341463415,71.5151665344964,3.84615384615385
"835","MAYURBHANJ","JAMDA","Sep","Sep-Week 3",77,77,68.2926829268293,77.8659611992945,53.5714285714286
"836","MAYURBHANJ","JAMDA","Sep","Sep-Week 4",82,82,73.1707317073171,64.9350649350649,23.3333333333333
"837","MAYURBHANJ","JAMDA","Oct","Oct-Week 2",80,80,68.2926829268293,84.4761904761905,53.5714285714286
"838","MAYURBHANJ","JAMDA","Oct","Oct-Week 3",74,0,0,0,0
"839","MAYURBHANJ","JASHIPUR","Sep","Sep-Week 4",1353,0,0,0,0
"840","MAYURBHANJ","JASHIPUR","Oct","Oct-Week 1",6,0,0,0,0
"841","MAYURBHANJ","JASHIPUR","Oct","Oct-Week 2",320,320,0.625,65.3333333333333,50
"842","MAYURBHANJ","JASHIPUR","Oct","Oct-Week 3",1128,0,0,0,0
"843","MAYURBHANJ","JASHIPUR","Oct","Oct-Week 4",2,0,0,0,0
"844","MAYURBHANJ","KAPTIPADA","Aug","Aug-Week 2",6,0,0,0,0
"845","MAYURBHANJ","KAPTIPADA","Aug","Aug-Week 3",1,0,0,0,0
"846","MAYURBHANJ","KAPTIPADA","Aug","Aug-Week 4",2,0,0,0,0
"847","MAYURBHANJ","KAPTIPADA","Sep","Sep-Week 1",1,0,0,0,0
"848","MAYURBHANJ","KAPTIPADA","Sep","Sep-Week 2",67,65,47.6190476190476,60.4645618556701,20
"849","MAYURBHANJ","KAPTIPADA","Sep","Sep-Week 3",102,97,42.8571428571429,80.5212620027435,27.7777777777778
"850","MAYURBHANJ","KAPTIPADA","Sep","Sep-Week 4",89,87,64.2857142857143,67.003367003367,25.9259259259259
"851","MAYURBHANJ","KAPTIPADA","Oct","Oct-Week 2",95,95,51.1627906976744,72.4242424242424,27.2727272727273
"852","MAYURBHANJ","KAPTIPADA","Oct","Oct-Week 3",87,0,0,0,0
"853","MAYURBHANJ","KARANJIA","Sep","Sep-Week 4",94,0,0,0,0
"854","MAYURBHANJ","KARANJIA","Oct","Oct-Week 2",20,20,0,0,0
"855","MAYURBHANJ","KARANJIA","Oct","Oct-Week 3",97,0,0,0,0
"856","MAYURBHANJ","KHUNTA","Sep","Sep-Week 4",890,0,0,0,0
"857","MAYURBHANJ","KHUNTA","Oct","Oct-Week 2",168,168,0,0,0
"858","MAYURBHANJ","KHUNTA","Oct","Oct-Week 3",842,0,0,0,0
"859","MAYURBHANJ","KHUNTA","Oct","Oct-Week 4",2,0,0,0,0
"860","MAYURBHANJ","KULIANA","Oct","Oct-Week 1",9,0,0,0,0
"861","MAYURBHANJ","KULIANA","Oct","Oct-Week 2",32,31,32.258064516129,57.7333333333333,20
"862","MAYURBHANJ","KULIANA","Oct","Oct-Week 3",63,0,0,0,0
"863","MAYURBHANJ","MORADA","Oct","Oct-Week 2",37,36,13.8888888888889,75.4666666666667,20
"864","MAYURBHANJ","MORADA","Oct","Oct-Week 3",69,0,0,0,0
"865","MAYURBHANJ","RAIRANGPUR","Oct","Oct-Week 2",2,2,50,100,100
"866","MAYURBHANJ","RAIRANGPUR","Oct","Oct-Week 3",2,0,0,0,0
"867","MAYURBHANJ","RAIRANGPUR NAC","Oct","Oct-Week 2",1,1,0,0,0
"868","MAYURBHANJ","RAIRANGPUR NAC","Oct","Oct-Week 3",1,0,0,0,0
"869","MAYURBHANJ","RARUAN","Sep","Sep-Week 4",100,0,0,0,0
"870","MAYURBHANJ","RARUAN","Oct","Oct-Week 2",20,20,0,0,0
"871","MAYURBHANJ","RARUAN","Oct","Oct-Week 3",77,0,0,0,0
"872","MAYURBHANJ","RARUAN","Oct","Oct-Week 4",4,0,0,0,0
"873","MAYURBHANJ","RASAGOBINDAPUR","Oct","Oct-Week 1",1,0,0,0,0
"874","MAYURBHANJ","RASAGOBINDAPUR","Oct","Oct-Week 2",35,35,20,58.6666666666667,14.2857142857143
"875","MAYURBHANJ","RASAGOBINDAPUR","Oct","Oct-Week 3",57,0,0,0,0
"876","MAYURBHANJ","SAMAKHUNTA","Aug","Aug-Week 2",2,0,0,0,0
"877","MAYURBHANJ","SAMAKHUNTA","Aug","Aug-Week 3",1,0,0,0,0
"878","MAYURBHANJ","SAMAKHUNTA","Aug","Aug-Week 4",5,0,0,0,0
"879","MAYURBHANJ","SAMAKHUNTA","Sep","Sep-Week 1",1,0,0,0,0
"880","MAYURBHANJ","SAMAKHUNTA","Sep","Sep-Week 2",913,909,77.4626865671642,72.8745803786028,26.0115606936416
"881","MAYURBHANJ","SAMAKHUNTA","Sep","Sep-Week 3",1172,1167,79.2537313432836,77.7963776708284,37.6647834274953
"882","MAYURBHANJ","SAMAKHUNTA","Sep","Sep-Week 4",1138,1133,82.3880597014925,78.2891022021457,48.9130434782609
"883","MAYURBHANJ","SAMAKHUNTA","Oct","Oct-Week 2",1274,1274,72.6190476190476,78.0245901639344,44.4672131147541
"884","MAYURBHANJ","SAMAKHUNTA","Oct","Oct-Week 3",1150,0,0,0,0
"885","MAYURBHANJ","SARASKANA","Aug","Aug-Week 2",6,0,0,0,0
"886","MAYURBHANJ","SARASKANA","Aug","Aug-Week 3",1,0,0,0,0
"887","MAYURBHANJ","SARASKANA","Aug","Aug-Week 4",8,0,0,0,0
"888","MAYURBHANJ","SARASKANA","Sep","Sep-Week 1",6,0,0,0,0
"889","MAYURBHANJ","SARASKANA","Sep","Sep-Week 3",1,0,0,0,0
"890","MAYURBHANJ","SARASKANA","Oct","Oct-Week 1",1,0,0,0,0
"891","MAYURBHANJ","SARASKANA","Oct","Oct-Week 2",1,0,0,0,0
"892","MAYURBHANJ","SATYABADI","Sep","Sep-Week 2",1,1,58.1108829568789,0,0
"893","MAYURBHANJ","SATYABADI","Sep","Sep-Week 3",3,3,71.047227926078,0,0
"894","MAYURBHANJ","SATYABADI","Sep","Sep-Week 4",3,3,86.0369609856263,0,0
"895","MAYURBHANJ","SATYABADI","Oct","Oct-Week 2",3,3,77.6134122287968,0,0
"896","MAYURBHANJ","SATYABADI","Oct","Oct-Week 3",1,0,0,0,0
"897","MAYURBHANJ","SUKRULI","Sep","Sep-Week 4",85,0,0,0,0
"898","MAYURBHANJ","SUKRULI","Oct","Oct-Week 2",17,17,0,0,0
"899","MAYURBHANJ","SUKRULI","Oct","Oct-Week 3",69,0,0,0,0
"900","MAYURBHANJ","THAKURMUNDA","Aug","Aug-Week 2",4,0,0,0,0
"901","MAYURBHANJ","THAKURMUNDA","Aug","Aug-Week 3",1,0,0,0,0
"902","MAYURBHANJ","THAKURMUNDA","Aug","Aug-Week 4",5,0,0,0,0
"903","MAYURBHANJ","THAKURMUNDA","Sep","Sep-Week 1",2,0,0,0,0
"904","MAYURBHANJ","THAKURMUNDA","Sep","Sep-Week 3",7,0,0,0,0
"905","MAYURBHANJ","THAKURMUNDA","Sep","Sep-Week 4",102,0,0,0,0
"906","MAYURBHANJ","THAKURMUNDA","Oct","Oct-Week 2",14,14,0,0,0
"907","MAYURBHANJ","THAKURMUNDA","Oct","Oct-Week 3",90,0,0,0,0
"908","MAYURBHANJ","THAKURMUNDA","Oct","Oct-Week 4",2,0,0,0,0
"909","MAYURBHANJ","TIRING","Sep","Sep-Week 2",54,53,71.0526315789474,80.4080756013746,25.9259259259259
"910","MAYURBHANJ","TIRING","Sep","Sep-Week 3",67,67,71.0526315789474,71.010516689529,18.5185185185185
"911","MAYURBHANJ","TIRING","Sep","Sep-Week 4",73,73,68.4210526315789,75.1748251748252,34.6153846153846
"912","MAYURBHANJ","TIRING","Oct","Oct-Week 2",64,64,78.9473684210526,76.9777777777778,20
"913","MAYURBHANJ","TIRING","Oct","Oct-Week 3",60,0,0,0,0
"914","MAYURBHANJ","UDALA","Sep","Sep-Week 2",69,69,57.4468085106383,79.9594310805651,33.3333333333333
"915","MAYURBHANJ","UDALA","Sep","Sep-Week 3",94,92,61.7021276595745,83.5674755214985,44.8275862068966
"916","MAYURBHANJ","UDALA","Sep","Sep-Week 4",98,98,72.3404255319149,81.4362108479756,41.1764705882353
"917","MAYURBHANJ","UDALA","Oct","Oct-Week 2",103,103,54.1666666666667,89.0769230769231,53.8461538461538
"918","MAYURBHANJ","UDALA","Oct","Oct-Week 3",101,0,0,0,0
"919","NABARANGPUR","KOSAGUMUDA","Sep","Sep-Week 3",71,71,77.5,69.9605088127702,12.9032258064516
"920","NABARANGPUR","KOSAGUMUDA","Sep","Sep-Week 4",77,77,75,84.0740740740741,50
"921","NABARANGPUR","KOSAGUMUDA","Oct","Oct-Week 2",40,40,55,84.3030303030303,59.0909090909091
"922","NABARANGPUR","KOSAGUMUDA","Oct","Oct-Week 3",75,0,0,0,0
"923","NABARANGPUR","PAPADAHANDI","Sep","Sep-Week 3",51,47,84.8484848484848,82.9160530191458,32.1428571428571
"924","NABARANGPUR","PAPADAHANDI","Sep","Sep-Week 4",52,49,84.8484848484848,80.379188712522,42.8571428571429
"925","NABARANGPUR","PAPADAHANDI","Oct","Oct-Week 2",34,34,58.8235294117647,66,30
"926","NABARANGPUR","PAPADAHANDI","Oct","Oct-Week 3",60,0,0,0,0
"927","NABARANGPUR","PASAGOMUNDA","Oct","Oct-Week 3",2,0,0,0,0
"928","NABARANGPUR","UMERKOTE","Oct","Oct-Week 3",3,0,0,0,0
"929","NUAPADA","BODEN","Aug","Aug-Week 2",2,0,0,0,0
"930","NUAPADA","BODEN","Aug","Aug-Week 3",3,0,0,0,0
"931","NUAPADA","BODEN","Aug","Aug-Week 4",4,0,0,0,0
"932","NUAPADA","BODEN","Sep","Sep-Week 1",2,0,0,0,0
"933","NUAPADA","BODEN","Sep","Sep-Week 3",2,1,100,73.134328358209,0
"934","NUAPADA","BODEN","Sep","Sep-Week 4",59,1,100,100,100
"935","NUAPADA","BODEN","Oct","Oct-Week 2",17,17,6.25,70.8860759493671,0
"936","NUAPADA","BODEN","Oct","Oct-Week 3",55,0,0,0,0
"937","NUAPADA","KHARIAR","Sep","Sep-Week 4",57,0,0,0,0
"938","NUAPADA","KHARIAR","Oct","Oct-Week 1",3,0,0,0,0
"939","NUAPADA","KHARIAR","Oct","Oct-Week 2",23,23,4.34782608695652,100,100
"940","NUAPADA","KHARIAR","Oct","Oct-Week 3",50,0,0,0,0
"941","NUAPADA","KOMNA","Oct","Oct-Week 1",1,0,0,0,0
"942","NUAPADA","KOMNA","Oct","Oct-Week 2",1,1,100,78.4810126582279,0
"943","NUAPADA","KOMNA","Oct","Oct-Week 3",1,0,0,0,0
"944","NUAPADA","NUAPADA","Oct","Oct-Week 1",1,0,0,0,0
"945","NUAPADA","NUAPADA","Oct","Oct-Week 2",1,1,100,100,100
"946","NUAPADA","NUAPADA","Oct","Oct-Week 3",1,0,0,0,0
"947","NUAPADA","SINAPALI","Oct","Oct-Week 1",3,0,0,0,0
"948","NUAPADA","SINAPALI","Oct","Oct-Week 2",3,3,0,0,0
"949","NUAPADA","SINAPALI","Oct","Oct-Week 3",3,0,0,0,0
"950","PURI","BRAHMAGIRI","Aug","Aug-Week 2",2,0,0,0,0
"951","PURI","BRAHMAGIRI","Aug","Aug-Week 3",1,0,0,0,0
"952","PURI","BRAHMAGIRI","Aug","Aug-Week 4",6,0,0,0,0
"953","PURI","BRAHMAGIRI","Sep","Sep-Week 1",1,0,0,0,0
"954","PURI","BRAHMAGIRI","Sep","Sep-Week 2",1,1,100,66.25,0
"955","PURI","BRAHMAGIRI","Sep","Sep-Week 3",3,1,0,0,0
"956","PURI","BRAHMAGIRI","Sep","Sep-Week 4",1,1,100,100,100
"957","PURI","BRAHMAGIRI","Oct","Oct-Week 2",11,11,44.4444444444444,94.3333333333333,75
"958","PURI","BRAHMAGIRI","Oct","Oct-Week 3",17,0,0,0,0
"959","PURI","GOP","May","May-Week 1",83,0,0,0,0
"960","PURI","GOP","May","May-Week 2",67,0,0,0,0
"961","PURI","GOP","May","May-Week 3",993,900,44.7777777777778,84.9452278641893,62.531017369727
"962","PURI","GOP","May","May-Week 4",1066,966,53.3049040511727,77.156021978022,49
"963","PURI","GOP","Jun","Jun-Week 1",1073,1008,51.1375947995666,81.7802420294176,55.9322033898305
"964","PURI","GOP","Jun","Jun-Week 2",1009,1009,51.5743756786102,79.9117616055895,53.4736842105263
"965","PURI","GOP","Jun","Jun-Week 3",1593,1593,62.3931623931624,75.9397052718971,45.2054794520548
"966","PURI","GOP","Jun","Jun-Week 4",2752,2748,56.2234042553191,79.2603785444719,61.0328638497653
"967","PURI","GOP","Jul","Jul-Week 1",1135,1135,50.6410256410256,80.8983117201847,56.3291139240506
"968","PURI","GOP","Jul","Jul-Week 2",1161,1159,52.187833511206,81.016912300496,51.5337423312883
"969","PURI","GOP","Jul","Jul-Week 3",2452,1097,40.9818569903949,79.4358126704788,52.8645833333333
"970","PURI","GOP","Jul","Jul-Week 4",4331,3506,58.8757396449704,77.0169440397085,49.2215568862275
"971","PURI","GOP","Aug","Aug-Week 1",1849,1839,67.982924226254,78.6378091109415,50.0784929356358
"972","PURI","GOP","Aug","Aug-Week 2",1882,1876,66.0618996798292,77.4538932144578,47.6575121163166
"973","PURI","GOP","Aug","Aug-Week 3",1872,1870,58.8046958377802,91.2419601081725,83.3030852994555
"974","PURI","GOP","Aug","Aug-Week 4",2476,2463,57.7194106342088,81.1842908662161,55.0499445061043
"975","PURI","GOP","Sep","Sep-Week 1",2387,1881,47.6708074534162,81.1841826101065,55.3745928338762
"976","PURI","GOP","Sep","Sep-Week 2",3692,2727,58.2152974504249,76.2017486176299,43.5523114355231
"977","PURI","GOP","Sep","Sep-Week 3",2975,2741,58.7434094903339,81.0659575057481,52.8795811518325
"978","PURI","GOP","Sep","Sep-Week 4",4957,4931,70.6343549536707,82.5250611060754,59.2835519677094
"979","PURI","GOP","Oct","Oct-Week 1",1057,1044,44.8239060832444,83.8543417366947,60.4761904761905
"980","PURI","GOP","Oct","Oct-Week 2",3778,2251,80.2752293577982,81.3942857142857,56.7619047619048
"981","PURI","GOP","Oct","Oct-Week 3",3846,0,0,0,0
"982","PURI","GOP","Oct","Oct-Week 4",4,0,0,0,0
"983","PURI","KANAS","Sep","Sep-Week 2",1,1,100,100,100
"984","PURI","KANAS","Sep","Sep-Week 3",2,2,100,100,100
"985","PURI","KANAS","Sep","Sep-Week 4",1,1,100,100,100
"986","PURI","KANAS","Oct","Oct-Week 2",2,2,50,100,100
"987","PURI","KANAS","Oct","Oct-Week 3",2,0,0,0,0
"988","PURI","NIMAPARA","May","May-Week 1",107,0,0,0,0
"989","PURI","NIMAPARA","May","May-Week 2",90,0,0,0,0
"990","PURI","NIMAPARA","May","May-Week 3",932,767,44.5893089960887,80.4878048780488,57.6023391812866
"991","PURI","NIMAPARA","May","May-Week 4",1119,991,51.6756756756757,77.8901788587981,47.2803347280335
"992","PURI","NIMAPARA","Jun","Jun-Week 1",1081,995,54.9943883277217,81.503752107258,57.5510204081633
"993","PURI","NIMAPARA","Jun","Jun-Week 2",979,976,52.0763187429854,81.4016856345079,55.6034482758621
"994","PURI","NIMAPARA","Jun","Jun-Week 3",1502,1501,66.0520607375271,77.2345789587169,49.5894909688013
"995","PURI","NIMAPARA","Jun","Jun-Week 4",2576,2576,59.5224875069406,78.9004646810567,59.4444444444444
"996","PURI","NIMAPARA","Jul","Jul-Week 1",1132,1132,53.0368763557484,80.8298618196438,58.2822085889571
"997","PURI","NIMAPARA","Jul","Jul-Week 2",1171,1171,52.6543878656555,81.8603365498321,59.0534979423868
"998","PURI","NIMAPARA","Jul","Jul-Week 3",2232,1096,50.0541711809317,78.9576854017848,53.6796536796537
"999","PURI","NIMAPARA","Jul","Jul-Week 4",3838,3125,62.780269058296,77.6184940563667,51.15712545676
"1000","PURI","NIMAPARA","Aug","Aug-Week 1",1739,1739,72.3726977248104,74.7734302038126,44.4610778443114
"1001","PURI","NIMAPARA","Aug","Aug-Week 2",1786,1783,71.7226435536295,76.2196276188962,48.9425981873112
"1002","PURI","NIMAPARA","Aug","Aug-Week 3",1831,1831,60.4550379198267,90.2179344966929,81.5412186379928
"1003","PURI","NIMAPARA","Aug","Aug-Week 4",2290,2290,63.1696428571429,79.0975513995423,53.8280329799764
"1004","PURI","NIMAPARA","Sep","Sep-Week 1",2215,1770,59.045904590459,79.811407812354,53.3536585365854
"1005","PURI","NIMAPARA","Sep","Sep-Week 2",3523,2738,60.5792832596956,77.9098390221221,48.5413290113452
"1006","PURI","NIMAPARA","Sep","Sep-Week 3",2732,2539,61.113732892874,81.9899724285689,56.988416988417
"1007","PURI","NIMAPARA","Sep","Sep-Week 4",4579,4564,72.4270353302611,81.8983928661823,59.3849416755037
"1008","PURI","NIMAPARA","Oct","Oct-Week 1",1070,1034,41.6034669555796,81.1795343137255,55.2083333333333
"1009","PURI","NIMAPARA","Oct","Oct-Week 2",3484,2021,82.5234441602728,81.7176308539945,56.9214876033058
"1010","PURI","NIMAPARA","Oct","Oct-Week 3",3613,0,0,0,0
"1011","PURI","NIMAPARA","Oct","Oct-Week 4",2,0,0,0,0
"1012","PURI","PIPLI","May","May-Week 1",153,0,0,0,0
"1013","PURI","PIPLI","May","May-Week 2",113,0,0,0,0
"1014","PURI","PIPLI","May","May-Week 3",1458,1297,51.8889745566692,80.2015003805313,56.3150074294205
"1015","PURI","PIPLI","May","May-Week 4",1635,1482,50.0702247191011,77.1611248425303,48.2468443197756
"1016","PURI","PIPLI","Jun","Jun-Week 1",1688,1576,51.3629842180775,79.946096775928,54.3296089385475
"1017","PURI","PIPLI","Jun","Jun-Week 2",1550,1550,52.7638190954774,77.8085545532059,50.8843537414966
"1018","PURI","PIPLI","Jun","Jun-Week 3",2332,2328,67.0168067226891,75.5855313849044,46.2904911180773
"1019","PURI","PIPLI","Jun","Jun-Week 4",4166,4157,58.1895033462487,79.3544677543692,59.7113650030066
"1020","PURI","PIPLI","Jul","Jul-Week 1",1728,1725,50.7703081232493,79.8214435429743,55.5862068965517
"1021","PURI","PIPLI","Jul","Jul-Week 2",1802,1801,52.4509803921569,79.5765618525851,53.5380507343124
"1022","PURI","PIPLI","Jul","Jul-Week 3",3547,1664,46.078431372549,77.5085839366362,52.1276595744681
"1023","PURI","PIPLI","Jul","Jul-Week 4",6070,4934,63.7530072173216,77.4587304244282,50.5247376311844
"1024","PURI","PIPLI","Aug","Aug-Week 1",2749,2748,70.8683473389356,75.5109874170504,47.9249011857708
"1025","PURI","PIPLI","Aug","Aug-Week 2",2820,2810,69.9579831932773,76.9627145942935,47.1471471471471
"1026","PURI","PIPLI","Aug","Aug-Week 3",2844,2840,59.1036414565826,90.295958847555,81.8720379146919
"1027","PURI","PIPLI","Aug","Aug-Week 4",3659,3648,61.6335540838852,80.2825339141644,55.5873925501433
"1028","PURI","PIPLI","Sep","Sep-Week 1",3537,2802,53.2474503488996,79.850180756396,56.25
"1029","PURI","PIPLI","Sep","Sep-Week 2",4357,3141,57.9354251932697,77.0744695922094,48.8226059654631
"1030","PURI","PIPLI","Sep","Sep-Week 3",3026,2734,56.33626097867,81.5264880009146,58.7230883444692
"1031","PURI","PIPLI","Sep","Sep-Week 4",5729,5692,67.4573055028463,81.8052778696845,58.8373183309892
"1032","PURI","PIPLI","Oct","Oct-Week 1",1604,1589,46.7787114845938,79.737583656217,55.8383233532934
"1033","PURI","PIPLI","Oct","Oct-Week 2",4509,2232,66.156914893617,81.2046901172529,57.0854271356784
"1034","PURI","PIPLI","Oct","Oct-Week 3",5003,0,0,0,0
"1035","PURI","PIPLI","Oct","Oct-Week 4",5,0,0,0,0
"1036","PURI","PURI MPL","Sep","Sep-Week 2",2,2,0,0,0
"1037","PURI","PURI MPL","Sep","Sep-Week 3",2,2,100,40.1234567901235,0
"1038","PURI","PURI MPL","Sep","Sep-Week 4",2,2,100,100,100
"1039","PURI","PURI MPL","Oct","Oct-Week 2",2,2,100,100,100
"1040","PURI","PURI MPL","Oct","Oct-Week 3",4,0,0,0,0
"1041","PURI","PURI SADAR","Oct","Oct-Week 1",8,0,0,0,0
"1042","PURI","PURI SADAR","Oct","Oct-Week 2",1033,1031,42.7740058195926,77.708238851096,49.8866213151927
"1043","PURI","PURI SADAR","Oct","Oct-Week 3",1669,0,0,0,0
"1044","PURI","PURI SADAR","Oct","Oct-Week 4",2,0,0,0,0
"1045","PURI","SATYABADI","Sep","Sep-Week 1",3,0,0,0,0
"1046","PURI","SATYABADI","Sep","Sep-Week 2",1008,989,58.1108829568789,74.9514134275618,39.2226148409894
"1047","PURI","SATYABADI","Sep","Sep-Week 3",1313,1298,71.047227926078,80.357525155213,48.6994219653179
"1048","PURI","SATYABADI","Sep","Sep-Week 4",1600,1555,86.0369609856263,80.7321079874779,57.8758949880668
"1049","PURI","SATYABADI","Oct","Oct-Week 1",2,0,0,0,0
"1050","PURI","SATYABADI","Oct","Oct-Week 2",1725,1721,77.6134122287968,81.3418043202033,57.5603557814485
"1051","PURI","SATYABADI","Oct","Oct-Week 3",1731,0,0,0,0
"1052","PURI","SATYABADI","Oct","Oct-Week 4",2,0,0,0,0
"1053","RAYAGADA","BISAMA KATAK","Sep","Sep-Week 3",51,51,66.6666666666667,76.2951030927835,44.4444444444444
"1054","RAYAGADA","BISAMA KATAK","Sep","Sep-Week 4",51,51,70.3703703703704,67.2514619883041,31.5789473684211
"1055","RAYAGADA","BISAMA KATAK","Oct","Oct-Week 2",27,27,29.6296296296296,66.3333333333333,37.5
"1056","RAYAGADA","BISAMA KATAK","Oct","Oct-Week 3",57,0,0,0,0
"1057","RAYAGADA","GUNUPUR","Sep","Sep-Week 3",53,51,60,66.5068728522337,26.6666666666667
"1058","RAYAGADA","GUNUPUR","Sep","Sep-Week 4",68,55,64,79.320987654321,56.25
"1059","RAYAGADA","GUNUPUR","Oct","Oct-Week 2",25,25,16,70.3333333333333,50
"1060","RAYAGADA","GUNUPUR","Oct","Oct-Week 3",64,0,0,0,0
"1061","RAYAGADA","KALYANSINGHPUR","Sep","Sep-Week 4",92,0,0,0,0
"1062","RAYAGADA","KALYANSINGHPUR","Oct","Oct-Week 1",2,0,0,0,0
"1063","RAYAGADA","KALYANSINGHPUR","Oct","Oct-Week 2",15,15,0,0,0
"1064","RAYAGADA","KALYANSINGHPUR","Oct","Oct-Week 3",69,0,0,0,0
"1065","RAYAGADA","KASHIPUR","Sep","Sep-Week 4",87,0,0,0,0
"1066","RAYAGADA","KASHIPUR","Oct","Oct-Week 2",13,13,0,0,0
"1067","RAYAGADA","KASHIPUR","Oct","Oct-Week 3",65,0,0,0,0
"1068","RAYAGADA","MUNIGUDA","Sep","Sep-Week 3",80,76,52.9411764705882,63.1393184421535,11.1111111111111
"1069","RAYAGADA","MUNIGUDA","Sep","Sep-Week 4",79,71,61.7647058823529,69.7236919459142,28.5714285714286
"1070","RAYAGADA","MUNIGUDA","Oct","Oct-Week 2",36,34,41.1764705882353,78.8571428571429,28.5714285714286
"1071","RAYAGADA","MUNIGUDA","Oct","Oct-Week 3",73,0,0,0,0
"1072","RAYAGADA","PADMPUR","Sep","Sep-Week 3",70,70,54.8387096774194,69.4602789569436,35.2941176470588
"1073","RAYAGADA","PADMPUR","Sep","Sep-Week 4",68,62,64.5161290322581,82.037037037037,55
"1074","RAYAGADA","PADMPUR","Oct","Oct-Week 2",31,31,25.8064516129032,78.6666666666667,50
"1075","RAYAGADA","PADMPUR","Oct","Oct-Week 3",69,0,0,0,0
"1076","RAYAGADA","RAYAGADA","Oct","Oct-Week 3",1,0,0,0,0
"1077","SAMBALPUR","BAMRA","Oct","Oct-Week 1",4,0,0,0,0
"1078","SAMBALPUR","BAMRA","Oct","Oct-Week 2",4,4,50,100,100
"1079","SAMBALPUR","BAMRA","Oct","Oct-Week 3",2,0,0,0,0
"1080","SAMBALPUR","JAMANKIRA","Aug","Aug-Week 2",3,0,0,0,0
"1081","SAMBALPUR","JAMANKIRA","Aug","Aug-Week 3",3,0,0,0,0
"1082","SAMBALPUR","JAMANKIRA","Aug","Aug-Week 4",5,0,0,0,0
"1083","SAMBALPUR","JAMANKIRA","Sep","Sep-Week 1",1,0,0,0,0
"1084","SAMBALPUR","JAMANKIRA","Sep","Sep-Week 2",33,33,56.25,83.968253968254,55.5555555555556
"1085","SAMBALPUR","JAMANKIRA","Sep","Sep-Week 3",51,48,75,85.4155561478323,54.1666666666667
"1086","SAMBALPUR","JAMANKIRA","Sep","Sep-Week 4",45,45,90.625,70.6273369339427,34.4827586206897
"1087","SAMBALPUR","JAMANKIRA","Oct","Oct-Week 1",1,0,0,0,0
"1088","SAMBALPUR","JAMANKIRA","Oct","Oct-Week 2",59,59,75,76.4240506329114,33.3333333333333
"1089","SAMBALPUR","JAMANKIRA","Oct","Oct-Week 3",45,0,0,0,0
"1090","SAMBALPUR","JUJUMORA","Sep","Sep-Week 2",35,35,54.5454545454545,73.7301587301587,22.2222222222222
"1091","SAMBALPUR","JUJUMORA","Sep","Sep-Week 3",50,50,72.7272727272727,74.3081467661692,41.6666666666667
"1092","SAMBALPUR","JUJUMORA","Sep","Sep-Week 4",59,56,75.7575757575758,81.9277108433735,56
"1093","SAMBALPUR","JUJUMORA","Oct","Oct-Week 1",6,0,0,0,0
"1094","SAMBALPUR","JUJUMORA","Oct","Oct-Week 2",63,60,64.7058823529412,79.4016110471807,45.4545454545455
"1095","SAMBALPUR","JUJUMORA","Oct","Oct-Week 3",68,0,0,0,0
"1096","SAMBALPUR","KUCHINDA","Sep","Sep-Week 2",1,1,0,0,0
"1097","SAMBALPUR","KUCHINDA","Sep","Sep-Week 3",2,2,100,100,100
"1098","SAMBALPUR","KUCHINDA","Sep","Sep-Week 4",2,2,100,100,100
"1099","SAMBALPUR","KUCHINDA","Oct","Oct-Week 2",2,2,100,100,100
"1100","SAMBALPUR","KUCHINDA","Oct","Oct-Week 3",1,0,0,0,0
"1101","SAMBALPUR","RENGALI","Sep","Sep-Week 2",23,23,76.1904761904762,69.7321428571429,18.75
"1102","SAMBALPUR","RENGALI","Sep","Sep-Week 3",38,38,71.4285714285714,83.3777540867093,46.6666666666667
"1103","SAMBALPUR","RENGALI","Sep","Sep-Week 4",38,38,85.7142857142857,63.0522088353414,27.7777777777778
"1104","SAMBALPUR","RENGALI","Oct","Oct-Week 1",10,0,0,0,0
"1105","SAMBALPUR","RENGALI","Oct","Oct-Week 2",33,28,90.4761904761905,70.7528314457029,31.5789473684211
"1106","SAMBALPUR","RENGALI","Oct","Oct-Week 3",36,0,0,0,0
"1107","SONEPUR","BIRAMAHARALPUR","Sep","Sep-Week 2",23,23,45,79.5238095238095,33.3333333333333
"1108","SONEPUR","BIRAMAHARALPUR","Sep","Sep-Week 3",39,39,60,76.4925373134328,41.6666666666667
"1109","SONEPUR","BIRAMAHARALPUR","Sep","Sep-Week 4",38,38,85,70.0921332388377,29.4117647058824
"1110","SONEPUR","BIRAMAHARALPUR","Oct","Oct-Week 2",39,39,70,67.1790235081374,28.5714285714286
"1111","SONEPUR","BIRAMAHARALPUR","Oct","Oct-Week 3",38,0,0,0,0
"1112","SONEPUR","ULUNDA","Sep","Sep-Week 2",19,19,72.2222222222222,81.0989010989011,46.1538461538462
"1113","SONEPUR","ULUNDA","Sep","Sep-Week 3",26,26,72.2222222222222,73.9872068230277,23.0769230769231
"1114","SONEPUR","ULUNDA","Sep","Sep-Week 4",29,29,83.3333333333333,78.7951807228916,53.3333333333333
"1115","SONEPUR","ULUNDA","Oct","Oct-Week 2",32,32,72.2222222222222,65.5306718597858,46.1538461538462
"1116","SONEPUR","ULUNDA","Oct","Oct-Week 3",31,0,0,0,0
"1117","SUBARNAPUR","BIRMAHARAJPUR","Oct","Oct-Week 1",3,0,0,0,0
"1118","SUBARNAPUR","BIRMAHARAJPUR","Oct","Oct-Week 2",4,4,50,100,100
"1119","SUBARNAPUR","BIRMAHARAJPUR","Oct","Oct-Week 3",3,0,0,0,0
"1120","SUBARNAPUR","DUNGURIPALI","Oct","Oct-Week 1",1,0,0,0,0
"1121","SUBARNAPUR","DUNGURIPALI","Oct","Oct-Week 2",1,1,100,78.4810126582279,0
"1122","SUBARNAPUR","DUNGURIPALI","Oct","Oct-Week 3",1,0,0,0,0
"1123","SUNDARGARH","BADAGAON","Sep","Sep-Week 4",1,0,0,0,0
"1124","SUNDARGARH","BALISANKARA","Sep","Sep-Week 3",79,79,82.6086956521739,72.6563347802496,28.9473684210526
"1125","SUNDARGARH","BALISANKARA","Sep","Sep-Week 4",96,96,71.7391304347826,81.8930041152263,42.4242424242424
"1126","SUNDARGARH","BALISANKARA","Oct","Oct-Week 1",1,0,0,0,0
"1127","SUNDARGARH","BALISANKARA","Oct","Oct-Week 2",46,46,54.3478260869565,88,56
"1128","SUNDARGARH","BALISANKARA","Oct","Oct-Week 3",102,0,0,0,0
"1129","SUNDARGARH","BANEI","Sep","Sep-Week 2",2,0,0,0,0
"1130","SUNDARGARH","BANEI","Sep","Sep-Week 4",82,0,0,0,0
"1131","SUNDARGARH","BANEI","Oct","Oct-Week 2",20,20,0,0,0
"1132","SUNDARGARH","BANEI","Oct","Oct-Week 3",64,0,0,0,0
"1133","SUNDARGARH","BANEI","Oct","Oct-Week 4",2,0,0,0,0
"1134","SUNDARGARH","BARGAON","Oct","Oct-Week 3",3,0,0,0,0
"1135","SUNDARGARH","BISRA","Oct","Oct-Week 1",1,0,0,0,0
"1136","SUNDARGARH","GURUNDIA","Sep","Sep-Week 4",142,0,0,0,0
"1137","SUNDARGARH","GURUNDIA","Oct","Oct-Week 1",1,0,0,0,0
"1138","SUNDARGARH","GURUNDIA","Oct","Oct-Week 2",14,14,0,0,0
"1139","SUNDARGARH","GURUNDIA","Oct","Oct-Week 3",92,0,0,0,0
"1140","SUNDARGARH","GURUNDIA","Oct","Oct-Week 4",2,0,0,0,0
"1141","SUNDARGARH","HEMAGIRI","Oct","Oct-Week 1",2,0,0,0,0
"1142","SUNDARGARH","HEMAGIRI","Oct","Oct-Week 3",60,0,0,0,0
"1143","SUNDARGARH","KOIDA","Sep","Sep-Week 3",90,90,65.1162790697674,60.1026325478645,21.4285714285714
"1144","SUNDARGARH","KOIDA","Sep","Sep-Week 4",101,101,58.1395348837209,74.3703703703704,16
"1145","SUNDARGARH","KOIDA","Oct","Oct-Week 2",43,43,46.5116279069767,75.5333333333333,45
"1146","SUNDARGARH","KOIDA","Oct","Oct-Week 3",78,0,0,0,0
"1147","SUNDARGARH","KUNARMUNDA","Sep","Sep-Week 3",1,0,0,0,0
"1148","SUNDARGARH","KUNARMUNDA","Oct","Oct-Week 1",4,0,0,0,0
"1149","SUNDARGARH","KUNARMUNDA","Oct","Oct-Week 2",1,1,0,0,0
"1150","SUNDARGARH","KUNARMUNDA","Oct","Oct-Week 3",92,0,0,0,0
"1151","SUNDARGARH","KUNARMUNDA","Oct","Oct-Week 4",2,0,0,0,0
"1152","SUNDARGARH","KUTRA","Sep","Sep-Week 3",68,68,91.304347826087,71.5740058910162,21.4285714285714
"1153","SUNDARGARH","KUTRA","Sep","Sep-Week 4",85,85,73.9130434782609,74.6187363834423,29.4117647058824
"1154","SUNDARGARH","KUTRA","Oct","Oct-Week 2",46,46,58.695652173913,87.5555555555556,66.6666666666667
"1155","SUNDARGARH","KUTRA","Oct","Oct-Week 3",86,0,0,0,0
"1156","SUNDARGARH","LAHUNIPADA","Sep","Sep-Week 3",72,72,77.2727272727273,67.9074439053972,26.4705882352941
"1157","SUNDARGARH","LAHUNIPADA","Sep","Sep-Week 4",72,72,77.2727272727273,71.7864923747277,29.4117647058824
"1158","SUNDARGARH","LAHUNIPADA","Oct","Oct-Week 2",44,44,54.5454545454545,82.2222222222222,45.8333333333333
"1159","SUNDARGARH","LAHUNIPADA","Oct","Oct-Week 3",92,0,0,0,0
"1160","SUNDARGARH","LATHIKATA","Oct","Oct-Week 1",6,0,0,0,0
"1161","SUNDARGARH","LATHIKATA","Oct","Oct-Week 3",87,0,0,0,0
"1162","SUNDARGARH","LEPHARIPARA","Oct","Oct-Week 2",1,1,0,0,0
"1163","SUNDARGARH","LEPHARIPARA","Oct","Oct-Week 3",80,0,0,0,0
"1164","SUNDARGARH","RAJGANGPUR","Sep","Sep-Week 3",95,95,66,71.1957200874727,30.3030303030303
"1165","SUNDARGARH","RAJGANGPUR","Sep","Sep-Week 4",89,89,76,74.3339831059129,34.2105263157895
"1166","SUNDARGARH","RAJGANGPUR","Oct","Oct-Week 2",50,50,48,74,29.1666666666667
"1167","SUNDARGARH","RAJGANGPUR","Oct","Oct-Week 3",98,0,0,0,0
"1168","SUNDARGARH","SABADERA","Sep","Sep-Week 3",77,77,75,70.2594501718213,23.3333333333333
"1169","SUNDARGARH","SABADERA","Sep","Sep-Week 4",80,79,75,72.1399176954732,33.3333333333333
"1170","SUNDARGARH","SABADERA","Oct","Oct-Week 2",40,40,52.5,80.2539682539683,33.3333333333333
"1171","SUNDARGARH","SABADERA","Oct","Oct-Week 3",83,0,0,0,0
"1172","SUNDARGARH","SUBDEGA","Oct","Oct-Week 3",1,0,0,0,0
"1173","SUNDARGARH","TANGARPALI","Oct","Oct-Week 3",1,0,0,0,0
